2,NEUTRAL
3,NEUTRAL
4,NEUTRAL
5,NEGATIVE
6,NEUTRAL
7,NEUTRAL
8,NEUTRAL
9,NEUTRAL
10,NEUTRAL
11,NEUTRAL
12,NEUTRAL
13,NEUTRAL
14,NEUTRAL
15,NEUTRAL
16,NEGATIVE
17,NEUTRAL
18,NEGATIVE
19,NEGATIVE
20,NEUTRAL
21,POSITIVE
22,NEUTRAL
23,NEUTRAL
24,NEUTRAL
25,NEUTRAL
26,POSITIVE
27,NEUTRAL
28,NEUTRAL
29,NEUTRAL
30,NEUTRAL
31,NEUTRAL
32,NEUTRAL
33,NEUTRAL
34,NEUTRAL
35,NEUTRAL
36,NEGATIVE
37,NEUTRAL
38,NEUTRAL
39,NEUTRAL
40,NEUTRAL
41,NEGATIVE
42,NEUTRAL
43,NEGATIVE
44,NEUTRAL
45,NEUTRAL
46,NEGATIVE
47,NEGATIVE
48,NEUTRAL
49,NEUTRAL
50,NEUTRAL
51,NEUTRAL
52,NEUTRAL
53,NEUTRAL
54,NEGATIVE
55,NEUTRAL
56,NEUTRAL
57,NEGATIVE
58,NEUTRAL
59,NEUTRAL
60,NEUTRAL
61,NEGATIVE
62,NEUTRAL
63,NEUTRAL
64,NEUTRAL
65,NEUTRAL
66,NEUTRAL
67,NEUTRAL
68,NEUTRAL
69,NEGATIVE
70,NEUTRAL
71,NEGATIVE
72,NEUTRAL
73,NEUTRAL
74,NEUTRAL
75,NEUTRAL
76,NEUTRAL
77,NEUTRAL
78,NEUTRAL
79,NEGATIVE
80,NEUTRAL
81,NEUTRAL
82,NEUTRAL
83,NEUTRAL
84,NEUTRAL
85,NEUTRAL
86,NEGATIVE
87,NEUTRAL
88,NEUTRAL
89,NEGATIVE
90,NEUTRAL
91,NEUTRAL
92,NEGATIVE
93,NEUTRAL
94,NEUTRAL
95,NEUTRAL
96,NEUTRAL
97,NEUTRAL
98,NEUTRAL
99,NEUTRAL
100,NEUTRAL
101,NEUTRAL
102,NEUTRAL
103,NEUTRAL
104,NEUTRAL
105,NEUTRAL
106,NEUTRAL
107,NEUTRAL
108,NEUTRAL
109,NEUTRAL
110,POSITIVE
111,NEUTRAL
112,NEUTRAL
113,NEGATIVE
114,NEUTRAL
115,NEGATIVE
116,NEUTRAL
117,NEGATIVE
118,NEUTRAL
119,NEUTRAL
120,NEUTRAL
121,NEUTRAL
122,NEGATIVE
123,NEGATIVE
124,NEUTRAL
125,NEUTRAL
126,NEGATIVE
127,NEUTRAL
128,NEUTRAL
129,NEUTRAL
130,NEUTRAL
131,NEUTRAL
132,NEGATIVE
133,NEUTRAL
134,NEGATIVE
135,NEUTRAL
136,NEUTRAL
137,NEGATIVE
138,NEUTRAL
139,NEGATIVE
140,NEGATIVE
141,NEUTRAL
142,NEGATIVE
143,NEUTRAL
144,NEUTRAL
145,NEUTRAL
146,NEUTRAL
147,NEUTRAL
148,NEUTRAL
149,NEUTRAL
150,NEUTRAL
151,NEUTRAL
152,NEUTRAL
153,NEUTRAL
154,NEUTRAL
155,NEUTRAL
156,NEGATIVE
157,NEUTRAL
158,NEUTRAL
159,NEGATIVE
160,NEUTRAL
161,NEUTRAL
162,NEUTRAL
163,NEGATIVE
164,NEUTRAL
165,NEUTRAL
166,NEUTRAL
167,NEGATIVE
168,NEUTRAL
169,MIXED
170,NEUTRAL
171,NEUTRAL
172,NEUTRAL
173,NEUTRAL
174,NEUTRAL
175,NEUTRAL
176,NEUTRAL
177,MIXED
178,NEGATIVE
179,NEUTRAL
180,NEUTRAL
181,NEGATIVE
182,NEUTRAL
183,NEUTRAL
184,NEUTRAL
185,NEUTRAL
186,POSITIVE
187,NEGATIVE
188,NEUTRAL
189,NEUTRAL
190,NEGATIVE
191,NEUTRAL
192,NEUTRAL
193,NEUTRAL
194,NEUTRAL
195,NEGATIVE
196,NEUTRAL
197,NEUTRAL
198,NEGATIVE
199,NEUTRAL
200,NEGATIVE
201,NEUTRAL
202,NEUTRAL
203,NEGATIVE
204,NEUTRAL
205,NEUTRAL
206,NEUTRAL
207,NEUTRAL
208,NEUTRAL
209,NEUTRAL
210,MIXED
211,NEUTRAL
212,NEUTRAL
213,NEUTRAL
214,NEUTRAL
215,NEGATIVE
216,NEUTRAL
217,NEUTRAL
218,NEUTRAL
219,NEUTRAL
220,NEGATIVE
221,NEUTRAL
222,NEUTRAL
223,NEGATIVE
224,NEUTRAL
225,NEUTRAL
226,NEUTRAL
227,NEGATIVE
228,NEUTRAL
229,NEGATIVE
230,NEUTRAL
231,NEUTRAL
232,NEGATIVE
233,NEUTRAL
234,NEUTRAL
235,NEUTRAL
236,NEUTRAL
237,NEGATIVE
238,NEUTRAL
239,NEUTRAL
240,NEGATIVE
241,NEUTRAL
242,NEUTRAL
243,NEUTRAL
244,NEGATIVE
245,MIXED
246,NEUTRAL
247,NEUTRAL
248,NEUTRAL
249,NEGATIVE
250,NEGATIVE
251,NEUTRAL
252,NEUTRAL
253,NEUTRAL
254,NEUTRAL
255,NEGATIVE
256,NEUTRAL
257,NEUTRAL
258,NEUTRAL
259,NEUTRAL
260,NEUTRAL
261,NEUTRAL
262,NEUTRAL
263,NEUTRAL
264,NEUTRAL
265,NEGATIVE
266,NEGATIVE
267,NEGATIVE
268,NEUTRAL
269,NEGATIVE
270,NEGATIVE
271,NEUTRAL
272,NEUTRAL
273,NEUTRAL
274,POSITIVE
275,POSITIVE
276,NEUTRAL
277,NEUTRAL
278,NEUTRAL
279,NEUTRAL
280,NEUTRAL
281,NEGATIVE
282,NEGATIVE
283,NEGATIVE
284,NEUTRAL
285,NEUTRAL
286,NEUTRAL
287,NEUTRAL
288,NEUTRAL
289,NEUTRAL
290,NEUTRAL
291,NEUTRAL
292,NEUTRAL
293,NEUTRAL
294,NEUTRAL
295,NEUTRAL
296,NEUTRAL
297,NEUTRAL
298,NEGATIVE
299,NEUTRAL
300,NEUTRAL
301,NEUTRAL
302,NEUTRAL
303,NEUTRAL
304,NEUTRAL
305,NEUTRAL
306,NEUTRAL
307,NEUTRAL
308,NEGATIVE
309,NEUTRAL
310,NEUTRAL
311,NEUTRAL
312,NEUTRAL
313,NEUTRAL
314,NEUTRAL
315,NEUTRAL
316,NEGATIVE
317,POSITIVE
318,NEGATIVE
319,NEUTRAL
320,NEUTRAL
321,NEUTRAL
322,NEUTRAL
323,NEGATIVE
324,POSITIVE
325,NEGATIVE
326,NEUTRAL
327,NEUTRAL
328,NEUTRAL
329,NEUTRAL
330,NEUTRAL
331,NEUTRAL
332,NEUTRAL
333,NEUTRAL
334,NEUTRAL
335,NEUTRAL
336,NEUTRAL
337,NEUTRAL
338,NEGATIVE
339,NEUTRAL
340,NEUTRAL
341,NEUTRAL
342,NEUTRAL
343,NEUTRAL
344,NEUTRAL
345,NEUTRAL
346,NEUTRAL
347,NEUTRAL
348,NEUTRAL
349,NEUTRAL
350,NEUTRAL
351,NEUTRAL
352,NEUTRAL
353,NEUTRAL
354,NEUTRAL
355,NEUTRAL
356,NEUTRAL
357,NEUTRAL
358,NEGATIVE
359,NEUTRAL
360,NEUTRAL
361,NEUTRAL
362,NEUTRAL
363,NEUTRAL
364,NEGATIVE
365,MIXED
366,POSITIVE
367,NEUTRAL
368,NEUTRAL
369,NEUTRAL
370,NEUTRAL
371,NEUTRAL
372,NEUTRAL
373,NEUTRAL
374,NEUTRAL
375,NEUTRAL
376,MIXED
377,NEUTRAL
378,NEUTRAL
379,NEUTRAL
380,NEUTRAL
381,NEUTRAL
382,NEUTRAL
383,NEUTRAL
384,NEGATIVE
385,NEUTRAL
386,NEGATIVE
387,NEUTRAL
388,NEUTRAL
389,NEUTRAL
390,NEUTRAL
391,NEGATIVE
392,NEUTRAL
393,NEGATIVE
394,NEUTRAL
395,NEUTRAL
396,NEGATIVE
397,NEUTRAL
398,NEUTRAL
399,POSITIVE
400,NEUTRAL
401,NEGATIVE
402,NEGATIVE
403,NEUTRAL
404,NEUTRAL
405,NEUTRAL
406,NEUTRAL
407,NEUTRAL
408,NEGATIVE
409,NEUTRAL
410,NEUTRAL
411,NEUTRAL
412,NEUTRAL
413,NEUTRAL
414,NEUTRAL
415,NEUTRAL
416,NEGATIVE
417,POSITIVE
418,NEUTRAL
419,NEUTRAL
420,NEUTRAL
421,NEGATIVE
422,NEGATIVE
423,NEUTRAL
424,POSITIVE
425,NEUTRAL
426,NEUTRAL
427,NEUTRAL
428,NEUTRAL
429,NEUTRAL
430,NEGATIVE
431,NEUTRAL
432,NEUTRAL
433,NEUTRAL
434,NEUTRAL
435,NEUTRAL
436,NEGATIVE
437,NEGATIVE
438,NEUTRAL
439,NEUTRAL
440,NEUTRAL
441,NEGATIVE
442,NEUTRAL
443,NEUTRAL
444,NEGATIVE
445,NEUTRAL
446,NEUTRAL
447,NEUTRAL
448,NEUTRAL
449,NEUTRAL
450,NEGATIVE
451,NEUTRAL
452,POSITIVE
453,NEGATIVE
454,NEUTRAL
455,NEUTRAL
456,NEUTRAL
457,MIXED
458,NEUTRAL
459,NEGATIVE
460,NEUTRAL
461,NEGATIVE
462,NEUTRAL
463,NEUTRAL
464,NEUTRAL
465,NEUTRAL
466,NEUTRAL
467,NEGATIVE
468,NEUTRAL
469,NEUTRAL
470,NEUTRAL
471,NEUTRAL
472,NEGATIVE
473,NEUTRAL
474,NEGATIVE
475,NEUTRAL
476,NEGATIVE
477,NEUTRAL
478,NEUTRAL
479,NEUTRAL
480,NEGATIVE
481,NEUTRAL
482,NEUTRAL
483,NEUTRAL
484,NEUTRAL
485,POSITIVE
486,MIXED
487,NEGATIVE
488,NEUTRAL
489,NEGATIVE
490,NEUTRAL
491,NEUTRAL
492,NEGATIVE
493,NEUTRAL
494,NEGATIVE
495,NEUTRAL
496,NEUTRAL
497,NEUTRAL
498,NEUTRAL
499,NEUTRAL
500,NEUTRAL
501,NEUTRAL
502,NEUTRAL
503,NEUTRAL
504,NEGATIVE
505,NEGATIVE
506,NEUTRAL
507,NEUTRAL
508,POSITIVE
509,NEUTRAL
510,NEGATIVE
511,NEGATIVE
512,NEUTRAL
513,NEUTRAL
514,NEUTRAL
515,NEUTRAL
516,NEGATIVE
517,NEUTRAL
518,NEGATIVE
519,NEUTRAL
520,NEUTRAL
521,NEUTRAL
522,NEUTRAL
523,NEUTRAL
524,NEUTRAL
525,NEGATIVE
526,NEUTRAL
527,NEUTRAL
528,POSITIVE
529,NEUTRAL
530,NEUTRAL
531,NEUTRAL
532,NEUTRAL
533,NEGATIVE
534,NEUTRAL
535,NEUTRAL
536,NEUTRAL
537,NEGATIVE
538,POSITIVE
539,NEGATIVE
540,NEUTRAL
541,NEUTRAL
542,NEUTRAL
543,NEGATIVE
544,POSITIVE
545,NEUTRAL
546,NEUTRAL
547,NEUTRAL
548,NEGATIVE
549,NEUTRAL
550,NEUTRAL
551,NEUTRAL
552,NEUTRAL
553,NEGATIVE
554,NEUTRAL
555,NEUTRAL
556,NEUTRAL
557,NEUTRAL
558,NEUTRAL
559,NEUTRAL
560,NEUTRAL
561,NEUTRAL
562,NEUTRAL
563,NEGATIVE
564,NEUTRAL
565,NEUTRAL
566,NEGATIVE
567,NEUTRAL
568,POSITIVE
569,NEUTRAL
570,NEUTRAL
571,NEUTRAL
572,NEUTRAL
573,NEUTRAL
574,POSITIVE
575,NEUTRAL
576,NEUTRAL
577,NEUTRAL
578,NEUTRAL
579,NEUTRAL
580,NEUTRAL
581,NEUTRAL
582,NEUTRAL
583,NEUTRAL
584,NEUTRAL
585,NEGATIVE
586,NEUTRAL
587,NEGATIVE
588,NEUTRAL
589,NEUTRAL
590,NEGATIVE
591,NEUTRAL
592,NEUTRAL
593,NEUTRAL
594,NEUTRAL
595,NEUTRAL
596,NEUTRAL
597,NEUTRAL
598,NEUTRAL
599,NEGATIVE
600,NEGATIVE
601,NEUTRAL
602,NEUTRAL
603,NEUTRAL
604,NEUTRAL
605,NEGATIVE
606,NEUTRAL
607,NEUTRAL
608,NEUTRAL
609,NEUTRAL
610,NEUTRAL
611,NEUTRAL
612,NEUTRAL
613,NEUTRAL
614,NEUTRAL
615,NEUTRAL
616,NEUTRAL
617,NEGATIVE
618,NEUTRAL
619,NEUTRAL
620,NEUTRAL
621,NEUTRAL
622,NEUTRAL
623,NEUTRAL
624,NEUTRAL
625,NEUTRAL
626,NEUTRAL
627,NEUTRAL
628,NEUTRAL
629,NEUTRAL
630,NEUTRAL
631,NEUTRAL
632,NEGATIVE
633,NEUTRAL
634,NEUTRAL
635,NEUTRAL
636,NEGATIVE
637,NEUTRAL
638,NEUTRAL
639,NEUTRAL
640,NEUTRAL
641,NEGATIVE
642,NEUTRAL
643,NEUTRAL
644,NEUTRAL
645,NEUTRAL
646,NEUTRAL
647,NEUTRAL
648,NEUTRAL
649,NEUTRAL
650,NEUTRAL
651,NEUTRAL
652,POSITIVE
653,NEUTRAL
654,NEUTRAL
655,NEUTRAL
656,NEUTRAL
657,NEUTRAL
658,NEUTRAL
659,NEGATIVE
660,NEUTRAL
661,NEGATIVE
662,NEGATIVE
663,NEUTRAL
664,NEUTRAL
665,NEUTRAL
666,NEUTRAL
667,NEUTRAL
668,NEUTRAL
669,NEUTRAL
670,NEUTRAL
671,NEUTRAL
672,NEUTRAL
673,NEGATIVE
674,NEUTRAL
675,NEUTRAL
676,NEUTRAL
677,NEUTRAL
678,NEUTRAL
679,NEGATIVE
680,NEUTRAL
681,NEUTRAL
682,NEUTRAL
683,NEUTRAL
684,NEUTRAL
685,NEUTRAL
686,NEUTRAL
687,NEUTRAL
688,NEUTRAL
689,NEUTRAL
690,NEUTRAL
691,NEUTRAL
692,NEGATIVE
693,NEUTRAL
694,NEUTRAL
695,NEUTRAL
696,NEUTRAL
697,NEUTRAL
698,NEUTRAL
699,NEUTRAL
700,NEUTRAL
701,NEUTRAL
702,NEGATIVE
703,NEUTRAL
704,NEUTRAL
705,NEUTRAL
706,NEUTRAL
707,NEUTRAL
708,NEUTRAL
709,NEUTRAL
710,NEUTRAL
711,NEUTRAL
712,NEUTRAL
713,NEUTRAL
714,NEUTRAL
715,NEUTRAL
716,NEGATIVE
717,NEUTRAL
718,NEUTRAL
719,NEUTRAL
720,NEUTRAL
721,NEUTRAL
722,NEUTRAL
723,NEUTRAL
724,NEUTRAL
725,NEUTRAL
726,NEUTRAL
727,NEGATIVE
728,NEGATIVE
729,NEUTRAL
730,NEUTRAL
731,NEUTRAL
732,NEUTRAL
733,NEUTRAL
734,POSITIVE
735,NEGATIVE
736,NEUTRAL
737,NEUTRAL
738,NEUTRAL
739,NEUTRAL
740,NEUTRAL
741,NEUTRAL
742,NEUTRAL
743,NEUTRAL
744,NEUTRAL
745,NEUTRAL
746,NEUTRAL
747,NEUTRAL
748,NEUTRAL
749,NEUTRAL
750,NEUTRAL
751,NEUTRAL
752,NEUTRAL
753,NEUTRAL
754,NEUTRAL
755,NEUTRAL
756,NEUTRAL
757,NEGATIVE
758,NEUTRAL
759,NEGATIVE
760,NEUTRAL
761,NEGATIVE
762,NEUTRAL
763,NEUTRAL
764,NEUTRAL
765,NEUTRAL
766,NEUTRAL
767,NEUTRAL
768,NEUTRAL
769,NEUTRAL
770,NEGATIVE
771,NEUTRAL
772,NEUTRAL
773,NEUTRAL
774,NEUTRAL
775,NEUTRAL
776,NEGATIVE
777,NEUTRAL
778,NEGATIVE
779,NEUTRAL
780,NEUTRAL
781,NEUTRAL
782,NEUTRAL
783,NEUTRAL
784,NEUTRAL
785,NEUTRAL
786,NEUTRAL
787,NEUTRAL
788,NEUTRAL
789,NEUTRAL
790,NEUTRAL
791,NEUTRAL
792,NEGATIVE
793,NEUTRAL
794,NEUTRAL
795,NEUTRAL
796,NEUTRAL
797,NEUTRAL
798,NEUTRAL
799,NEUTRAL
800,NEUTRAL
801,NEUTRAL
802,NEGATIVE
803,NEGATIVE
804,NEUTRAL
805,NEGATIVE
806,NEUTRAL
807,NEUTRAL
808,NEUTRAL
809,NEUTRAL
810,NEUTRAL
811,NEUTRAL
812,NEUTRAL
813,NEUTRAL
814,NEUTRAL
815,NEGATIVE
816,NEUTRAL
817,NEUTRAL
818,NEUTRAL
819,NEUTRAL
820,NEUTRAL
821,NEUTRAL
822,NEUTRAL
823,NEUTRAL
824,NEGATIVE
825,NEUTRAL
826,NEUTRAL
827,NEUTRAL
828,NEUTRAL
829,NEUTRAL
830,NEUTRAL
831,NEUTRAL
832,NEGATIVE
833,NEUTRAL
834,NEUTRAL
835,NEUTRAL
836,NEUTRAL
837,NEUTRAL
838,NEUTRAL
839,NEUTRAL
840,NEUTRAL
841,NEUTRAL
842,NEGATIVE
843,NEUTRAL
844,NEUTRAL
845,NEGATIVE
846,NEUTRAL
847,NEUTRAL
848,NEUTRAL
849,NEUTRAL
850,NEUTRAL
851,NEUTRAL
852,NEGATIVE
853,NEUTRAL
854,NEUTRAL
855,NEUTRAL
856,NEUTRAL
857,NEUTRAL
858,NEUTRAL
859,NEUTRAL
860,NEUTRAL
861,NEUTRAL
862,NEUTRAL
863,NEUTRAL
864,POSITIVE
865,NEUTRAL
866,NEUTRAL
867,NEUTRAL
868,NEUTRAL
869,NEUTRAL
870,NEUTRAL
871,NEUTRAL
872,NEGATIVE
873,NEUTRAL
874,NEUTRAL
875,NEUTRAL
876,NEUTRAL
877,NEUTRAL
878,NEUTRAL
879,POSITIVE
880,NEUTRAL
881,NEUTRAL
882,NEGATIVE
883,NEUTRAL
884,NEUTRAL
885,NEUTRAL
886,NEUTRAL
887,NEUTRAL
888,NEUTRAL
889,NEUTRAL
890,NEGATIVE
891,NEGATIVE
892,NEGATIVE
893,NEUTRAL
894,NEGATIVE
895,NEUTRAL
896,NEUTRAL
897,NEUTRAL
898,NEUTRAL
899,NEGATIVE
900,NEUTRAL
901,NEGATIVE
902,NEUTRAL
903,POSITIVE
904,NEUTRAL
905,NEUTRAL
906,NEUTRAL
907,NEGATIVE
908,NEUTRAL
909,NEUTRAL
910,NEUTRAL
911,NEUTRAL
912,NEUTRAL
913,NEUTRAL
914,NEUTRAL
915,NEUTRAL
916,NEGATIVE
917,NEGATIVE
918,NEGATIVE
919,NEUTRAL
920,NEUTRAL
921,NEUTRAL
922,NEGATIVE
923,NEUTRAL
924,NEUTRAL
925,NEUTRAL
926,NEUTRAL
927,NEUTRAL
928,NEUTRAL
929,NEUTRAL
930,NEUTRAL
931,NEUTRAL
932,NEUTRAL
933,NEUTRAL
934,NEUTRAL
935,NEUTRAL
936,NEGATIVE
937,MIXED
938,NEUTRAL
939,NEUTRAL
940,NEUTRAL
941,NEUTRAL
942,NEUTRAL
943,NEUTRAL
944,NEUTRAL
945,NEUTRAL
946,NEUTRAL
947,NEGATIVE
948,NEUTRAL
949,NEGATIVE
950,NEUTRAL
951,NEUTRAL
952,MIXED
953,NEUTRAL
954,NEUTRAL
955,NEUTRAL
956,NEGATIVE
957,NEUTRAL
958,NEUTRAL
959,NEUTRAL
960,NEGATIVE
961,NEUTRAL
962,NEUTRAL
963,NEGATIVE
964,NEUTRAL
965,NEUTRAL
966,NEUTRAL
967,NEUTRAL
968,NEGATIVE
969,NEUTRAL
970,NEUTRAL
971,NEUTRAL
972,NEUTRAL
973,NEUTRAL
974,POSITIVE
975,NEUTRAL
976,NEGATIVE
977,NEUTRAL
978,NEGATIVE
979,NEUTRAL
980,NEGATIVE
981,NEUTRAL
982,NEGATIVE
983,NEGATIVE
984,NEUTRAL
985,NEUTRAL
986,NEUTRAL
987,NEGATIVE
988,NEUTRAL
989,NEUTRAL
990,NEUTRAL
991,NEGATIVE
992,NEGATIVE
993,NEUTRAL
994,NEGATIVE
995,NEGATIVE
996,NEUTRAL
997,NEUTRAL
998,NEUTRAL
999,NEUTRAL
1000,NEUTRAL
1001,NEGATIVE
1002,NEUTRAL
1003,NEGATIVE
1004,NEUTRAL
1005,NEUTRAL
1006,NEUTRAL
1007,NEGATIVE
1008,NEUTRAL
1009,NEUTRAL
1010,NEUTRAL
1011,NEGATIVE
1012,NEGATIVE
1013,NEGATIVE
1014,NEGATIVE
1015,NEUTRAL
1016,NEGATIVE
1017,NEGATIVE
1018,NEUTRAL
1019,NEUTRAL
1020,NEUTRAL
1021,NEUTRAL
1022,NEUTRAL
1023,NEUTRAL
1024,NEUTRAL
1025,NEUTRAL
1026,NEUTRAL
1027,NEUTRAL
1028,NEUTRAL
1029,NEUTRAL
1030,NEUTRAL
1031,NEGATIVE
1032,NEUTRAL
1033,NEUTRAL
1034,NEGATIVE
1035,NEUTRAL
1036,NEUTRAL
1037,NEGATIVE
1038,NEUTRAL
1039,NEGATIVE
1040,NEUTRAL
1041,NEGATIVE
1042,NEUTRAL
1043,NEUTRAL
1044,NEUTRAL
1045,NEUTRAL
1046,NEUTRAL
1047,NEUTRAL
1048,NEUTRAL
1049,NEUTRAL
1050,NEUTRAL
1051,NEUTRAL
1052,NEGATIVE
1053,NEUTRAL
1054,NEGATIVE
1055,NEUTRAL
1056,NEUTRAL
1057,NEUTRAL
1058,NEUTRAL
1059,NEGATIVE
1060,NEUTRAL
1061,NEUTRAL
1062,NEUTRAL
1063,NEUTRAL
1064,NEUTRAL
1065,NEUTRAL
1066,NEUTRAL
1067,POSITIVE
1068,NEUTRAL
1069,NEGATIVE
1070,NEUTRAL
1071,NEGATIVE
1072,NEUTRAL
1073,NEUTRAL
1074,NEGATIVE
1075,NEGATIVE
1076,NEUTRAL
1077,NEUTRAL
1078,NEUTRAL
1079,NEGATIVE
1080,NEGATIVE
1081,NEGATIVE
1082,NEGATIVE
1083,NEGATIVE
1084,NEGATIVE
1085,NEUTRAL
1086,NEUTRAL
1087,NEUTRAL
1088,NEUTRAL
1089,NEGATIVE
1090,NEUTRAL
1091,NEUTRAL
1092,NEGATIVE
1093,NEUTRAL
1094,NEUTRAL
1095,NEUTRAL
1096,NEGATIVE
1097,NEUTRAL
1098,NEUTRAL
1099,NEUTRAL
1100,NEUTRAL
1101,NEUTRAL
1102,NEUTRAL
1103,POSITIVE
1104,NEUTRAL
1105,NEUTRAL
1106,NEUTRAL
1107,NEUTRAL
1108,NEUTRAL
1109,NEUTRAL
1110,NEUTRAL
1111,NEUTRAL
1112,NEUTRAL
1113,NEUTRAL
1114,NEUTRAL
1115,NEGATIVE
1116,NEUTRAL
1117,NEUTRAL
1118,NEUTRAL
1119,NEUTRAL
1120,NEUTRAL
1121,NEUTRAL
1122,NEUTRAL
1123,NEUTRAL
1124,NEUTRAL
1125,NEUTRAL
1126,NEUTRAL
1127,POSITIVE
1128,NEUTRAL
1129,NEUTRAL
1130,NEUTRAL
1131,NEUTRAL
1132,NEUTRAL
1133,NEUTRAL
1134,NEUTRAL
1135,NEUTRAL
1136,NEUTRAL
1137,NEUTRAL
1138,NEUTRAL
1139,NEGATIVE
1140,NEUTRAL
1141,NEUTRAL
1142,NEGATIVE
1143,MIXED
1144,NEUTRAL
1145,NEUTRAL
1146,NEUTRAL
1147,NEUTRAL
1148,NEGATIVE
1149,NEUTRAL
1150,NEUTRAL
1151,NEUTRAL
1152,NEUTRAL
1153,NEUTRAL
1154,NEUTRAL
1155,NEUTRAL
1156,NEUTRAL
1157,NEUTRAL
1158,NEUTRAL
1159,NEUTRAL
1160,NEUTRAL
1161,NEGATIVE
1162,NEUTRAL
1163,NEUTRAL
1164,NEUTRAL
1165,NEUTRAL
1166,NEUTRAL
1167,NEUTRAL
1168,NEUTRAL
1169,NEUTRAL
1170,NEUTRAL
1171,NEUTRAL
1172,NEGATIVE
1173,NEUTRAL
1174,NEUTRAL
1175,NEUTRAL
1176,NEUTRAL
1177,NEUTRAL
1178,NEUTRAL
1179,NEUTRAL
1180,NEUTRAL
1181,NEUTRAL
1182,NEUTRAL
1183,NEUTRAL
1184,NEUTRAL
1185,MIXED
1186,NEUTRAL
1187,NEUTRAL
1188,MIXED
1189,NEUTRAL
1190,NEGATIVE
1191,MIXED
1192,NEUTRAL
1193,NEUTRAL
1194,NEGATIVE
1195,NEUTRAL
1196,NEUTRAL
1197,NEUTRAL
1198,NEUTRAL
1199,NEUTRAL
1200,NEUTRAL
1201,NEUTRAL
1202,NEUTRAL
1203,NEUTRAL
1204,NEUTRAL
1205,NEUTRAL
1206,NEUTRAL
1207,NEUTRAL
1208,NEUTRAL
1209,NEUTRAL
1210,NEUTRAL
1211,NEUTRAL
1212,NEUTRAL
1213,NEUTRAL
1214,NEUTRAL
1215,NEUTRAL
1216,NEGATIVE
1217,NEUTRAL
1218,NEUTRAL
1219,NEUTRAL
1220,NEUTRAL
1221,NEUTRAL
1222,NEUTRAL
1223,NEUTRAL
1224,POSITIVE
1225,NEUTRAL
1226,NEUTRAL
1227,NEGATIVE
1228,NEGATIVE
1229,NEUTRAL
1230,NEGATIVE
1231,NEUTRAL
1232,NEUTRAL
1233,NEUTRAL
1234,POSITIVE
1235,NEUTRAL
1236,NEUTRAL
1237,NEUTRAL
1238,NEUTRAL
1239,NEUTRAL
1240,NEGATIVE
1241,NEGATIVE
1242,NEUTRAL
1243,NEUTRAL
1244,NEGATIVE
1245,NEUTRAL
1246,NEGATIVE
1247,MIXED
1248,NEUTRAL
1249,NEUTRAL
1250,NEUTRAL
1251,NEUTRAL
1252,NEGATIVE
1253,NEUTRAL
1254,NEGATIVE
1255,NEUTRAL
1256,NEUTRAL
1257,NEUTRAL
1258,NEUTRAL
1259,NEUTRAL
1260,NEUTRAL
1261,NEUTRAL
1262,NEUTRAL
1263,NEUTRAL
1264,NEUTRAL
1265,NEGATIVE
1266,NEUTRAL
1267,NEUTRAL
1268,NEUTRAL
1269,NEUTRAL
1270,NEUTRAL
1271,NEUTRAL
1272,NEGATIVE
1273,NEGATIVE
1274,NEGATIVE
1275,NEUTRAL
1276,NEUTRAL
1277,NEUTRAL
1278,NEUTRAL
1279,NEGATIVE
1280,NEUTRAL
1281,NEUTRAL
1282,NEGATIVE
1283,NEGATIVE
1284,NEUTRAL
1285,NEUTRAL
1286,NEUTRAL
1287,NEUTRAL
1288,NEUTRAL
1289,NEUTRAL
1290,NEUTRAL
1291,NEUTRAL
1292,NEGATIVE
1293,NEGATIVE
1294,NEGATIVE
1295,NEGATIVE
1296,NEUTRAL
1297,NEUTRAL
1298,NEUTRAL
1299,NEUTRAL
1300,NEUTRAL
1301,POSITIVE
1302,NEUTRAL
1303,NEUTRAL
1304,NEUTRAL
1305,NEUTRAL
1306,NEUTRAL
1307,NEGATIVE
1308,NEUTRAL
1309,NEGATIVE
1310,NEUTRAL
1311,NEUTRAL
1312,NEUTRAL
1313,NEUTRAL
1314,NEUTRAL
1315,NEGATIVE
1316,NEGATIVE
1317,NEUTRAL
1318,NEUTRAL
1319,NEUTRAL
1320,NEUTRAL
1321,POSITIVE
1322,NEUTRAL
1323,NEUTRAL
1324,NEUTRAL
1325,NEGATIVE
1326,NEUTRAL
1327,NEUTRAL
1328,NEUTRAL
1329,POSITIVE
1330,NEUTRAL
1331,NEUTRAL
1332,NEGATIVE
1333,NEUTRAL
1334,NEUTRAL
1335,NEUTRAL
1336,NEGATIVE
1337,NEUTRAL
1338,NEUTRAL
1339,NEUTRAL
1340,NEGATIVE
1341,NEUTRAL
1342,NEUTRAL
1343,NEUTRAL
1344,NEUTRAL
1345,NEUTRAL
1346,POSITIVE
1347,NEUTRAL
1348,NEGATIVE
1349,NEUTRAL
1350,NEGATIVE
1351,NEUTRAL
1352,NEUTRAL
1353,NEUTRAL
1354,NEUTRAL
1355,NEUTRAL
1356,NEGATIVE
1357,NEUTRAL
1358,NEGATIVE
1359,NEGATIVE
1360,NEUTRAL
1361,NEUTRAL
1362,NEUTRAL
1363,NEUTRAL
1364,NEUTRAL
1365,NEUTRAL
1366,NEUTRAL
1367,NEUTRAL
1368,POSITIVE
1369,MIXED
1370,MIXED
1371,NEUTRAL
1372,NEUTRAL
1373,NEUTRAL
1374,NEGATIVE
1375,NEGATIVE
1376,NEUTRAL
1377,NEUTRAL
1378,NEUTRAL
1379,NEUTRAL
1380,NEGATIVE
1381,NEGATIVE
1382,NEUTRAL
1383,NEUTRAL
1384,NEUTRAL
1385,NEUTRAL
1386,NEUTRAL
1387,NEGATIVE
1388,NEUTRAL
1389,NEUTRAL
1390,NEUTRAL
1391,NEUTRAL
1392,NEUTRAL
1393,NEUTRAL
1394,NEUTRAL
1395,NEGATIVE
1396,NEUTRAL
1397,NEUTRAL
1398,NEUTRAL
1399,NEUTRAL
1400,MIXED
1401,NEUTRAL
1402,NEUTRAL
1403,NEGATIVE
1404,NEUTRAL
1405,NEUTRAL
1406,NEUTRAL
1407,NEUTRAL
1408,NEUTRAL
1409,NEGATIVE
1410,NEGATIVE
1411,NEUTRAL
1412,NEUTRAL
1413,NEUTRAL
1414,NEGATIVE
1415,NEUTRAL
1416,NEUTRAL
1417,NEUTRAL
1418,NEUTRAL
1419,NEUTRAL
1420,NEUTRAL
1421,NEUTRAL
1422,NEUTRAL
1423,NEUTRAL
1424,NEUTRAL
1425,NEUTRAL
1426,NEUTRAL
1427,NEUTRAL
1428,NEGATIVE
1429,NEUTRAL
1430,NEUTRAL
1431,NEGATIVE
1432,NEUTRAL
1433,NEUTRAL
1434,NEGATIVE
1435,NEUTRAL
1436,NEGATIVE
1437,NEUTRAL
1438,NEUTRAL
1439,NEUTRAL
1440,NEUTRAL
1441,NEGATIVE
1442,NEUTRAL
1443,NEUTRAL
1444,NEUTRAL
1445,NEUTRAL
1446,NEUTRAL
1447,NEUTRAL
1448,NEUTRAL
1449,NEUTRAL
1450,NEUTRAL
1451,NEUTRAL
1452,NEUTRAL
1453,NEGATIVE
1454,NEUTRAL
1455,NEUTRAL
1456,NEUTRAL
1457,NEUTRAL
1458,NEUTRAL
1459,NEGATIVE
1460,NEUTRAL
1461,NEUTRAL
1462,NEGATIVE
1463,NEUTRAL
1464,NEUTRAL
1465,NEGATIVE
1466,NEUTRAL
1467,NEUTRAL
1468,NEUTRAL
1469,NEUTRAL
1470,NEUTRAL
1471,NEUTRAL
1472,NEUTRAL
1473,NEUTRAL
1474,NEUTRAL
1475,NEUTRAL
1476,NEUTRAL
1477,NEUTRAL
1478,NEUTRAL
1479,NEUTRAL
1480,NEUTRAL
1481,NEUTRAL
1482,NEUTRAL
1483,NEGATIVE
1484,NEGATIVE
1485,NEUTRAL
1486,NEUTRAL
1487,NEGATIVE
1488,NEGATIVE
1489,MIXED
1490,NEUTRAL
1491,NEUTRAL
1492,NEUTRAL
1493,NEUTRAL
1494,NEUTRAL
1495,NEUTRAL
1496,NEUTRAL
1497,NEUTRAL
1498,NEUTRAL
1499,NEGATIVE
1500,NEUTRAL
1501,NEGATIVE
1502,NEUTRAL
1503,NEGATIVE
1504,NEUTRAL
1505,NEUTRAL
1506,NEUTRAL
1507,NEUTRAL
1508,NEUTRAL
1509,NEUTRAL
1510,NEGATIVE
1511,NEUTRAL
1512,NEUTRAL
1513,NEUTRAL
1514,NEUTRAL
1515,NEUTRAL
1516,NEGATIVE
1517,NEUTRAL
1518,NEGATIVE
1519,NEUTRAL
1520,NEGATIVE
1521,NEUTRAL
1522,NEUTRAL
1523,NEUTRAL
1524,NEUTRAL
1525,NEUTRAL
1526,NEUTRAL
1527,NEGATIVE
1528,NEUTRAL
1529,POSITIVE
1530,NEUTRAL
1531,NEUTRAL
1532,NEUTRAL
1533,NEUTRAL
1534,NEUTRAL
1535,NEUTRAL
1536,NEUTRAL
1537,POSITIVE
1538,NEUTRAL
1539,NEUTRAL
1540,NEUTRAL
1541,NEUTRAL
1542,NEUTRAL
1543,NEGATIVE
1544,NEUTRAL
1545,NEUTRAL
1546,NEUTRAL
1547,NEGATIVE
1548,NEUTRAL
1549,NEGATIVE
1550,NEUTRAL
1551,NEUTRAL
1552,NEUTRAL
1553,NEUTRAL
1554,NEUTRAL
1555,NEUTRAL
1556,NEGATIVE
1557,NEUTRAL
1558,NEUTRAL
1559,NEGATIVE
1560,NEUTRAL
1561,NEUTRAL
1562,NEUTRAL
1563,NEUTRAL
1564,NEUTRAL
1565,NEUTRAL
1566,NEUTRAL
1567,NEUTRAL
1568,NEUTRAL
1569,NEUTRAL
1570,NEUTRAL
1571,NEUTRAL
1572,NEUTRAL
1573,NEUTRAL
1574,NEUTRAL
1575,NEGATIVE
1576,NEUTRAL
1577,NEUTRAL
1578,NEUTRAL
1579,NEUTRAL
1580,POSITIVE
1581,NEUTRAL
1582,NEUTRAL
1583,NEGATIVE
1584,NEUTRAL
1585,NEUTRAL
1586,NEGATIVE
1587,NEUTRAL
1588,NEUTRAL
1589,NEUTRAL
1590,NEUTRAL
1591,NEUTRAL
1592,NEUTRAL
1593,NEUTRAL
1594,NEUTRAL
1595,NEUTRAL
1596,NEUTRAL
1597,NEUTRAL
1598,NEUTRAL
1599,NEGATIVE
1600,NEUTRAL
1601,NEUTRAL
1602,NEUTRAL
1603,NEUTRAL
1604,NEUTRAL
1605,NEUTRAL
1606,NEUTRAL
1607,NEUTRAL
1608,NEUTRAL
1609,NEGATIVE
1610,NEUTRAL
1611,NEUTRAL
1612,NEUTRAL
1613,NEUTRAL
1614,NEUTRAL
1615,NEUTRAL
1616,NEUTRAL
1617,NEGATIVE
1618,NEUTRAL
1619,NEGATIVE
1620,NEGATIVE
1621,NEUTRAL
1622,NEUTRAL
1623,NEGATIVE
1624,NEUTRAL
1625,NEGATIVE
1626,NEUTRAL
1627,NEUTRAL
1628,NEUTRAL
1629,NEUTRAL
1630,NEUTRAL
1631,NEGATIVE
1632,NEUTRAL
1633,NEUTRAL
1634,NEUTRAL
1635,NEUTRAL
1636,NEUTRAL
1637,NEUTRAL
1638,NEUTRAL
1639,NEUTRAL
1640,NEGATIVE
1641,NEUTRAL
1642,NEUTRAL
1643,NEUTRAL
1644,NEUTRAL
1645,NEUTRAL
1646,NEUTRAL
1647,NEUTRAL
1648,NEUTRAL
1649,NEUTRAL
1650,NEUTRAL
1651,NEUTRAL
1652,NEUTRAL
1653,NEUTRAL
1654,NEUTRAL
1655,NEUTRAL
1656,NEUTRAL
1657,NEUTRAL
1658,NEUTRAL
1659,NEUTRAL
1660,NEUTRAL
1661,NEUTRAL
1662,NEGATIVE
1663,NEUTRAL
1664,NEUTRAL
1665,POSITIVE
1666,NEUTRAL
1667,NEUTRAL
1668,NEUTRAL
1669,NEGATIVE
1670,NEUTRAL
1671,NEUTRAL
1672,NEUTRAL
1673,NEUTRAL
1674,NEUTRAL
1675,NEUTRAL
1676,NEUTRAL
1677,NEUTRAL
1678,NEUTRAL
1679,NEUTRAL
1680,NEUTRAL
1681,NEUTRAL
1682,NEUTRAL
1683,NEUTRAL
1684,NEUTRAL
1685,NEUTRAL
1686,NEUTRAL
1687,NEUTRAL
1688,NEUTRAL
1689,NEGATIVE
1690,NEUTRAL
1691,NEUTRAL
1692,NEUTRAL
1693,NEUTRAL
1694,NEUTRAL
1695,NEUTRAL
1696,NEUTRAL
1697,NEGATIVE
1698,POSITIVE
1699,NEUTRAL
1700,NEUTRAL
1701,NEUTRAL
1702,NEUTRAL
1703,NEUTRAL
1704,NEGATIVE
1705,NEUTRAL
1706,POSITIVE
1707,NEGATIVE
1708,NEUTRAL
1709,NEUTRAL
1710,NEUTRAL
1711,NEUTRAL
1712,NEUTRAL
1713,NEUTRAL
1714,NEUTRAL
1715,NEUTRAL
1716,NEUTRAL
1717,NEUTRAL
1718,NEUTRAL
1719,NEUTRAL
1720,NEUTRAL
1721,NEUTRAL
1722,NEUTRAL
1723,NEUTRAL
1724,NEUTRAL
1725,NEGATIVE
1726,NEGATIVE
1727,NEGATIVE
1728,NEUTRAL
1729,NEUTRAL
1730,NEUTRAL
1731,NEUTRAL
1732,NEUTRAL
1733,NEUTRAL
1734,NEUTRAL
1735,NEGATIVE
1736,NEUTRAL
1737,NEUTRAL
1738,NEUTRAL
1739,NEGATIVE
1740,NEUTRAL
1741,NEUTRAL
1742,NEUTRAL
1743,NEUTRAL
1744,NEUTRAL
1745,NEUTRAL
1746,NEUTRAL
1747,NEUTRAL
1748,NEUTRAL
1749,NEUTRAL
1750,NEUTRAL
1751,NEGATIVE
1752,NEUTRAL
1753,NEUTRAL
1754,NEUTRAL
1755,NEGATIVE
1756,NEUTRAL
1757,NEUTRAL
1758,NEUTRAL
1759,NEUTRAL
1760,NEUTRAL
1761,NEUTRAL
1762,NEGATIVE
1763,NEUTRAL
1764,POSITIVE
1765,NEUTRAL
1766,NEUTRAL
1767,NEGATIVE
1768,NEGATIVE
1769,NEUTRAL
1770,NEUTRAL
1771,NEGATIVE
1772,NEUTRAL
1773,NEGATIVE
1774,NEGATIVE
1775,NEUTRAL
1776,NEUTRAL
1777,NEUTRAL
1778,NEUTRAL
1779,NEUTRAL
1780,NEUTRAL
1781,NEUTRAL
1782,NEUTRAL
1783,NEUTRAL
1784,NEUTRAL
1785,NEUTRAL
1786,NEGATIVE
1787,NEUTRAL
1788,NEUTRAL
1789,NEUTRAL
1790,NEUTRAL
1791,NEUTRAL
1792,NEUTRAL
1793,NEUTRAL
1794,NEUTRAL
1795,NEUTRAL
1796,NEUTRAL
1797,NEGATIVE
1798,NEUTRAL
1799,NEUTRAL
1800,NEGATIVE
1801,NEUTRAL
1802,NEUTRAL
1803,NEUTRAL
1804,NEGATIVE
1805,NEGATIVE
1806,NEUTRAL
1807,NEUTRAL
1808,NEUTRAL
1809,NEUTRAL
1810,NEUTRAL
1811,NEUTRAL
1812,NEUTRAL
1813,NEUTRAL
1814,NEUTRAL
1815,NEUTRAL
1816,NEGATIVE
1817,NEUTRAL
1818,NEUTRAL
1819,NEUTRAL
1820,NEUTRAL
1821,NEGATIVE
1822,NEUTRAL
1823,NEUTRAL
1824,NEUTRAL
1825,NEGATIVE
1826,NEGATIVE
1827,NEUTRAL
1828,NEGATIVE
1829,NEUTRAL
1830,NEGATIVE
1831,NEGATIVE
1832,NEGATIVE
1833,NEUTRAL
1834,NEUTRAL
1835,NEUTRAL
1836,NEUTRAL
1837,NEUTRAL
1838,NEUTRAL
1839,NEUTRAL
1840,NEUTRAL
1841,NEUTRAL
1842,NEGATIVE
1843,NEGATIVE
1844,NEUTRAL
1845,NEUTRAL
1846,NEUTRAL
1847,NEGATIVE
1848,NEUTRAL
1849,NEUTRAL
1850,NEGATIVE
1851,NEGATIVE
1852,NEUTRAL
1853,NEUTRAL
1854,NEUTRAL
1855,NEUTRAL
1856,NEGATIVE
1857,NEUTRAL
1858,NEUTRAL
1859,NEUTRAL
1860,NEGATIVE
1861,NEGATIVE
1862,NEUTRAL
1863,NEUTRAL
1864,NEGATIVE
1865,NEUTRAL
1866,NEUTRAL
1867,NEUTRAL
1868,NEGATIVE
1869,NEGATIVE
1870,NEGATIVE
1871,NEUTRAL
1872,POSITIVE
1873,NEGATIVE
1874,NEUTRAL
1875,NEUTRAL
1876,NEUTRAL
1877,NEUTRAL
1878,NEUTRAL
1879,POSITIVE
1880,NEUTRAL
1881,NEUTRAL
1882,NEUTRAL
1883,NEUTRAL
1884,NEUTRAL
1885,NEUTRAL
1886,NEUTRAL
1887,NEUTRAL
1888,NEUTRAL
1889,NEUTRAL
1890,NEUTRAL
1891,POSITIVE
1892,NEUTRAL
1893,NEUTRAL
1894,NEGATIVE
1895,NEUTRAL
1896,NEUTRAL
1897,NEUTRAL
1898,NEUTRAL
1899,NEUTRAL
1900,NEGATIVE
1901,NEUTRAL
1902,NEUTRAL
1903,NEUTRAL
1904,NEUTRAL
1905,NEUTRAL
1906,NEUTRAL
1907,NEUTRAL
1908,NEUTRAL
1909,NEUTRAL
1910,NEUTRAL
1911,NEUTRAL
1912,NEUTRAL
1913,NEUTRAL
1914,NEUTRAL
1915,NEUTRAL
1916,MIXED
1917,NEUTRAL
1918,NEUTRAL
1919,NEUTRAL
1920,POSITIVE
1921,NEUTRAL
1922,MIXED
1923,NEGATIVE
1924,NEUTRAL
1925,NEUTRAL
1926,NEUTRAL
1927,NEUTRAL
1928,NEUTRAL
1929,NEUTRAL
1930,NEUTRAL
1931,NEUTRAL
1932,NEUTRAL
1933,NEGATIVE
1934,NEUTRAL
1935,NEGATIVE
1936,NEUTRAL
1937,NEUTRAL
1938,NEUTRAL
1939,NEUTRAL
1940,NEUTRAL
1941,NEUTRAL
1942,NEGATIVE
1943,NEUTRAL
1944,NEUTRAL
1945,NEGATIVE
1946,NEGATIVE
1947,NEUTRAL
1948,NEUTRAL
1949,NEUTRAL
1950,NEGATIVE
1951,NEUTRAL
1952,NEUTRAL
1953,NEUTRAL
1954,NEUTRAL
1955,NEGATIVE
1956,NEUTRAL
1957,NEUTRAL
1958,NEUTRAL
1959,NEUTRAL
1960,NEUTRAL
1961,NEUTRAL
1962,NEUTRAL
1963,NEGATIVE
1964,NEGATIVE
1965,NEGATIVE
1966,NEUTRAL
1967,NEUTRAL
1968,NEUTRAL
1969,NEUTRAL
1970,NEUTRAL
1971,NEGATIVE
1972,NEUTRAL
1973,NEUTRAL
1974,NEUTRAL
1975,NEUTRAL
1976,NEUTRAL
1977,NEUTRAL
1978,NEGATIVE
1979,NEUTRAL
1980,POSITIVE
1981,NEUTRAL
1982,NEUTRAL
1983,NEUTRAL
1984,MIXED
1985,NEUTRAL
1986,NEUTRAL
1987,NEUTRAL
1988,NEUTRAL
1989,NEGATIVE
1990,NEUTRAL
1991,NEUTRAL
1992,NEUTRAL
1993,NEUTRAL
1994,NEUTRAL
1995,NEUTRAL
1996,NEGATIVE
1997,NEUTRAL
1998,NEUTRAL
1999,NEUTRAL
2000,NEUTRAL
2001,NEUTRAL
2002,NEUTRAL
2003,NEUTRAL
2004,NEUTRAL
2005,NEUTRAL
2006,NEUTRAL
2007,NEUTRAL
2008,NEUTRAL
2009,NEUTRAL
2010,NEUTRAL
2011,NEUTRAL
2012,NEUTRAL
2013,NEUTRAL
2014,NEUTRAL
2015,NEUTRAL
2016,NEUTRAL
2017,NEGATIVE
2018,NEUTRAL
2019,NEUTRAL
2020,NEGATIVE
2021,NEUTRAL
2022,NEUTRAL
2023,NEUTRAL
2024,NEGATIVE
2025,NEUTRAL
2026,NEGATIVE
2027,NEUTRAL
2028,NEUTRAL
2029,NEUTRAL
2030,NEUTRAL
2031,NEUTRAL
2032,NEUTRAL
2033,NEGATIVE
2034,NEUTRAL
2035,NEGATIVE
2036,POSITIVE
2037,NEGATIVE
2038,NEUTRAL
2039,NEUTRAL
2040,NEUTRAL
2041,NEUTRAL
2042,NEUTRAL
2043,NEUTRAL
2044,NEUTRAL
2045,NEUTRAL
2046,POSITIVE
2047,NEUTRAL
2048,NEUTRAL
2049,NEUTRAL
2050,NEUTRAL
2051,NEUTRAL
2052,NEUTRAL
2053,NEUTRAL
2054,NEUTRAL
2055,NEUTRAL
2056,NEGATIVE
2057,NEGATIVE
2058,NEUTRAL
2059,NEUTRAL
2060,NEUTRAL
2061,NEUTRAL
2062,NEUTRAL
2063,POSITIVE
2064,NEUTRAL
2065,NEUTRAL
2066,NEUTRAL
2067,NEUTRAL
2068,NEUTRAL
2069,NEUTRAL
2070,NEGATIVE
2071,NEGATIVE
2072,NEGATIVE
2073,NEUTRAL
2074,NEUTRAL
2075,NEUTRAL
2076,NEGATIVE
2077,NEUTRAL
2078,NEUTRAL
2079,MIXED
2080,NEUTRAL
2081,NEUTRAL
2082,NEUTRAL
2083,NEUTRAL
2084,NEUTRAL
2085,NEUTRAL
2086,NEGATIVE
2087,NEUTRAL
2088,NEUTRAL
2089,NEGATIVE
2090,NEUTRAL
2091,NEGATIVE
2092,NEUTRAL
2093,NEUTRAL
2094,POSITIVE
2095,NEUTRAL
2096,NEGATIVE
2097,NEGATIVE
2098,NEUTRAL
2099,NEGATIVE
2100,NEUTRAL
2101,NEUTRAL
2102,NEUTRAL
2103,NEUTRAL
2104,NEUTRAL
2105,NEUTRAL
2106,NEUTRAL
2107,NEUTRAL
2108,NEUTRAL
2109,NEUTRAL
2110,NEUTRAL
2111,NEUTRAL
2112,NEUTRAL
2113,POSITIVE
2114,NEUTRAL
2115,NEUTRAL
2116,NEUTRAL
2117,NEUTRAL
2118,NEUTRAL
2119,NEUTRAL
2120,NEUTRAL
2121,NEUTRAL
2122,NEUTRAL
2123,NEUTRAL
2124,NEUTRAL
2125,NEUTRAL
2126,MIXED
2127,NEGATIVE
2128,NEUTRAL
2129,NEUTRAL
2130,NEUTRAL
2131,NEUTRAL
2132,NEUTRAL
2133,NEUTRAL
2134,NEUTRAL
2135,NEGATIVE
2136,NEUTRAL
2137,NEUTRAL
2138,NEUTRAL
2139,NEUTRAL
2140,NEUTRAL
2141,NEUTRAL
2142,NEUTRAL
2143,POSITIVE
2144,NEUTRAL
2145,NEGATIVE
2146,NEUTRAL
2147,NEUTRAL
2148,NEUTRAL
2149,NEGATIVE
2150,NEGATIVE
2151,NEUTRAL
2152,NEUTRAL
2153,NEUTRAL
2154,NEUTRAL
2155,NEUTRAL
2156,NEUTRAL
2157,NEUTRAL
2158,NEUTRAL
2159,NEUTRAL
2160,NEUTRAL
2161,NEUTRAL
2162,NEGATIVE
2163,NEGATIVE
2164,NEUTRAL
2165,NEUTRAL
2166,NEUTRAL
2167,NEUTRAL
2168,NEUTRAL
2169,NEGATIVE
2170,NEGATIVE
2171,NEUTRAL
2172,NEUTRAL
2173,NEUTRAL
2174,NEUTRAL
2175,NEUTRAL
2176,NEUTRAL
2177,NEUTRAL
2178,NEUTRAL
2179,NEUTRAL
2180,NEUTRAL
2181,NEUTRAL
2182,NEGATIVE
2183,NEUTRAL
2184,NEGATIVE
2185,NEUTRAL
2186,NEUTRAL
2187,NEUTRAL
2188,NEGATIVE
2189,NEUTRAL
2190,NEUTRAL
2191,NEUTRAL
2192,NEUTRAL
2193,NEUTRAL
2194,NEUTRAL
2195,NEUTRAL
2196,NEUTRAL
2197,NEGATIVE
2198,NEUTRAL
2199,NEUTRAL
2200,NEGATIVE
2201,NEUTRAL
2202,NEUTRAL
2203,NEUTRAL
2204,NEUTRAL
2205,NEUTRAL
2206,MIXED
2207,NEUTRAL
2208,NEUTRAL
2209,NEUTRAL
2210,NEUTRAL
2211,NEUTRAL
2212,NEUTRAL
2213,NEUTRAL
2214,NEUTRAL
2215,NEUTRAL
2216,NEGATIVE
2217,NEGATIVE
2218,NEUTRAL
2219,NEUTRAL
2220,NEGATIVE
2221,NEUTRAL
2222,NEGATIVE
2223,NEUTRAL
2224,NEUTRAL
2225,NEUTRAL
2226,NEUTRAL
2227,NEUTRAL
2228,NEUTRAL
2229,NEUTRAL
2230,NEGATIVE
2231,NEUTRAL
2232,NEUTRAL
2233,NEUTRAL
2234,NEUTRAL
2235,NEUTRAL
2236,NEUTRAL
2237,NEUTRAL
2238,NEUTRAL
2239,NEUTRAL
2240,NEUTRAL
2241,NEUTRAL
2242,NEUTRAL
2243,NEUTRAL
2244,NEUTRAL
2245,NEGATIVE
2246,NEUTRAL
2247,NEUTRAL
2248,NEGATIVE
2249,MIXED
2250,NEUTRAL
2251,NEUTRAL
2252,NEUTRAL
2253,NEUTRAL
2254,NEUTRAL
2255,NEUTRAL
2256,NEUTRAL
2257,NEGATIVE
2258,NEUTRAL
2259,NEUTRAL
2260,NEUTRAL
2261,NEUTRAL
2262,NEUTRAL
2263,NEUTRAL
2264,NEUTRAL
2265,NEUTRAL
2266,NEUTRAL
2267,NEGATIVE
2268,NEUTRAL
2269,NEUTRAL
2270,NEUTRAL
2271,NEGATIVE
2272,NEGATIVE
2273,NEUTRAL
2274,NEUTRAL
2275,NEGATIVE
2276,NEUTRAL
2277,NEUTRAL
2278,NEUTRAL
2279,NEUTRAL
2280,NEUTRAL
2281,NEUTRAL
2282,NEUTRAL
2283,NEUTRAL
2284,NEUTRAL
2285,NEUTRAL
2286,NEUTRAL
2287,NEUTRAL
2288,NEUTRAL
2289,NEUTRAL
2290,NEUTRAL
2291,NEGATIVE
2292,NEUTRAL
2293,NEUTRAL
2294,NEUTRAL
2295,NEGATIVE
2296,NEUTRAL
2297,NEUTRAL
2298,NEUTRAL
2299,NEUTRAL
2300,NEUTRAL
2301,NEUTRAL
2302,NEUTRAL
2303,NEUTRAL
2304,NEUTRAL
2305,NEUTRAL
2306,NEUTRAL
2307,NEUTRAL
2308,NEUTRAL
2309,NEUTRAL
2310,NEUTRAL
2311,NEUTRAL
2312,NEUTRAL
2313,NEUTRAL
2314,NEUTRAL
2315,NEUTRAL
2316,NEUTRAL
2317,NEUTRAL
2318,NEUTRAL
2319,NEUTRAL
2320,NEGATIVE
2321,NEUTRAL
2322,NEUTRAL
2323,NEUTRAL
2324,NEUTRAL
2325,NEGATIVE
2326,NEUTRAL
2327,NEUTRAL
2328,NEUTRAL
2329,NEGATIVE
2330,NEGATIVE
2331,NEUTRAL
2332,NEUTRAL
2333,NEUTRAL
2334,NEUTRAL
2335,NEGATIVE
2336,NEUTRAL
2337,NEUTRAL
2338,NEUTRAL
2339,NEGATIVE
2340,NEUTRAL
2341,NEUTRAL
2342,NEUTRAL
2343,NEUTRAL
2344,NEUTRAL
2345,NEUTRAL
2346,NEUTRAL
2347,NEGATIVE
2348,NEGATIVE
2349,NEGATIVE
2350,NEGATIVE
2351,NEUTRAL
2352,NEUTRAL
2353,NEUTRAL
2354,NEUTRAL
2355,NEUTRAL
2356,NEUTRAL
2357,MIXED
2358,NEUTRAL
2359,NEUTRAL
2360,NEUTRAL
2361,NEUTRAL
2362,NEUTRAL
2363,NEUTRAL
2364,NEUTRAL
2365,NEUTRAL
2366,NEUTRAL
2367,NEUTRAL
2368,NEUTRAL
2369,NEUTRAL
2370,NEUTRAL
2371,NEUTRAL
2372,NEGATIVE
2373,NEUTRAL
2374,NEUTRAL
2375,NEGATIVE
2376,NEUTRAL
2377,NEUTRAL
2378,NEUTRAL
2379,NEUTRAL
2380,NEUTRAL
2381,NEUTRAL
2382,NEUTRAL
2383,NEGATIVE
2384,NEUTRAL
2385,NEGATIVE
2386,NEUTRAL
2387,NEUTRAL
2388,NEGATIVE
2389,NEUTRAL
2390,NEGATIVE
2391,NEUTRAL
2392,POSITIVE
2393,NEGATIVE
2394,NEUTRAL
2395,NEGATIVE
2396,NEGATIVE
2397,NEGATIVE
2398,NEUTRAL
2399,NEUTRAL
2400,NEUTRAL
2401,NEUTRAL
2402,NEGATIVE
2403,NEGATIVE
2404,NEUTRAL
2405,NEUTRAL
2406,NEGATIVE
2407,NEUTRAL
2408,NEUTRAL
2409,NEUTRAL
2410,NEUTRAL
2411,NEGATIVE
2412,NEUTRAL
2413,NEUTRAL
2414,NEUTRAL
2415,NEUTRAL
2416,NEUTRAL
2417,NEUTRAL
2418,NEUTRAL
2419,NEUTRAL
2420,NEUTRAL
2421,NEUTRAL
2422,NEUTRAL
2423,NEUTRAL
2424,NEUTRAL
2425,NEUTRAL
2426,NEUTRAL
2427,NEUTRAL
2428,NEUTRAL
2429,NEUTRAL
2430,NEGATIVE
2431,NEUTRAL
2432,NEUTRAL
2433,NEUTRAL
2434,NEGATIVE
2435,NEUTRAL
2436,NEUTRAL
2437,NEUTRAL
2438,NEUTRAL
2439,NEUTRAL
2440,NEUTRAL
2441,NEUTRAL
2442,NEUTRAL
2443,NEUTRAL
2444,NEUTRAL
2445,NEUTRAL
2446,NEGATIVE
2447,NEUTRAL
2448,NEUTRAL
2449,NEUTRAL
2450,NEUTRAL
2451,NEUTRAL
2452,NEUTRAL
2453,NEUTRAL
2454,NEUTRAL
2455,NEGATIVE
2456,NEUTRAL
2457,POSITIVE
2458,NEUTRAL
2459,NEUTRAL
2460,NEUTRAL
2461,NEGATIVE
2462,POSITIVE
2463,NEGATIVE
2464,NEUTRAL
2465,NEUTRAL
2466,NEGATIVE
2467,NEUTRAL
2468,NEUTRAL
2469,NEUTRAL
2470,NEGATIVE
2471,NEUTRAL
2472,NEUTRAL
2473,NEUTRAL
2474,NEUTRAL
2475,NEGATIVE
2476,NEUTRAL
2477,NEUTRAL
2478,NEUTRAL
2479,NEGATIVE
2480,NEUTRAL
2481,NEUTRAL
2482,NEUTRAL
2483,NEUTRAL
2484,NEUTRAL
2485,NEUTRAL
2486,NEGATIVE
2487,NEUTRAL
2488,NEUTRAL
2489,NEUTRAL
2490,NEUTRAL
2491,NEUTRAL
2492,NEUTRAL
2493,NEUTRAL
2494,NEUTRAL
2495,NEUTRAL
2496,NEUTRAL
2497,NEUTRAL
2498,NEUTRAL
2499,NEUTRAL
2500,NEUTRAL
2501,NEUTRAL
2502,MIXED
2503,NEGATIVE
2504,NEUTRAL
2505,NEUTRAL
2506,NEUTRAL
2507,NEUTRAL
2508,NEUTRAL
2509,NEGATIVE
2510,NEUTRAL
2511,NEUTRAL
2512,NEGATIVE
2513,NEUTRAL
2514,NEUTRAL
2515,NEUTRAL
2516,NEUTRAL
2517,NEUTRAL
2518,NEUTRAL
2519,NEUTRAL
2520,NEGATIVE
2521,NEUTRAL
2522,NEUTRAL
2523,NEUTRAL
2524,NEUTRAL
2525,NEGATIVE
2526,NEUTRAL
2527,NEUTRAL
2528,NEUTRAL
2529,NEGATIVE
2530,NEUTRAL
2531,NEGATIVE
2532,NEUTRAL
2533,NEUTRAL
2534,NEGATIVE
2535,NEUTRAL
2536,NEUTRAL
2537,NEUTRAL
2538,NEUTRAL
2539,NEUTRAL
2540,NEUTRAL
2541,NEUTRAL
2542,NEUTRAL
2543,NEUTRAL
2544,NEUTRAL
2545,NEUTRAL
2546,NEUTRAL
2547,NEUTRAL
2548,NEUTRAL
2549,NEUTRAL
2550,NEUTRAL
2551,NEUTRAL
2552,NEUTRAL
2553,NEUTRAL
2554,NEUTRAL
2555,NEUTRAL
2556,NEUTRAL
2557,NEUTRAL
2558,NEUTRAL
2559,NEGATIVE
2560,NEUTRAL
2561,NEUTRAL
2562,NEUTRAL
2563,NEUTRAL
2564,NEUTRAL
2565,NEUTRAL
2566,NEUTRAL
2567,NEGATIVE
2568,NEUTRAL
2569,NEUTRAL
2570,NEGATIVE
2571,NEUTRAL
2572,NEUTRAL
2573,NEUTRAL
2574,NEUTRAL
2575,NEUTRAL
2576,NEUTRAL
2577,NEUTRAL
2578,NEUTRAL
2579,NEUTRAL
2580,NEGATIVE
2581,NEUTRAL
2582,NEUTRAL
2583,NEGATIVE
2584,NEGATIVE
2585,NEUTRAL
2586,NEUTRAL
2587,NEUTRAL
2588,NEGATIVE
2589,POSITIVE
2590,POSITIVE
2591,NEUTRAL
2592,NEUTRAL
2593,NEUTRAL
2594,NEUTRAL
2595,NEUTRAL
2596,NEUTRAL
2597,NEUTRAL
2598,NEGATIVE
2599,NEUTRAL
2600,NEUTRAL
2601,NEUTRAL
2602,NEGATIVE
2603,NEUTRAL
2604,NEUTRAL
2605,NEUTRAL
2606,NEUTRAL
2607,NEUTRAL
2608,NEUTRAL
2609,NEUTRAL
2610,NEUTRAL
2611,NEUTRAL
2612,NEUTRAL
2613,NEUTRAL
2614,NEUTRAL
2615,NEUTRAL
2616,NEUTRAL
2617,NEUTRAL
2618,NEUTRAL
2619,NEUTRAL
2620,NEUTRAL
2621,NEUTRAL
2622,NEUTRAL
2623,NEUTRAL
2624,NEUTRAL
2625,NEUTRAL
2626,NEUTRAL
2627,NEUTRAL
2628,NEUTRAL
2629,NEGATIVE
2630,NEUTRAL
2631,NEUTRAL
2632,NEGATIVE
2633,NEUTRAL
2634,NEUTRAL
2635,NEUTRAL
2636,NEUTRAL
2637,NEUTRAL
2638,NEUTRAL
2639,NEUTRAL
2640,NEUTRAL
2641,NEGATIVE
2642,NEGATIVE
2643,NEUTRAL
2644,NEUTRAL
2645,NEUTRAL
2646,NEUTRAL
2647,NEUTRAL
2648,NEUTRAL
2649,NEUTRAL
2650,NEGATIVE
2651,NEGATIVE
2652,NEUTRAL
2653,NEUTRAL
2654,NEGATIVE
2655,NEUTRAL
2656,NEGATIVE
2657,NEGATIVE
2658,NEUTRAL
2659,NEGATIVE
2660,NEUTRAL
2661,NEUTRAL
2662,NEGATIVE
2663,NEUTRAL
2664,NEUTRAL
2665,NEUTRAL
2666,NEUTRAL
2667,NEGATIVE
2668,NEUTRAL
2669,NEGATIVE
2670,NEGATIVE
2671,NEUTRAL
2672,NEUTRAL
2673,NEUTRAL
2674,NEUTRAL
2675,NEUTRAL
2676,NEUTRAL
2677,NEUTRAL
2678,NEUTRAL
2679,NEUTRAL
2680,NEGATIVE
2681,NEGATIVE
2682,NEUTRAL
2683,NEUTRAL
2684,NEUTRAL
2685,NEUTRAL
2686,NEUTRAL
2687,NEUTRAL
2688,NEGATIVE
2689,NEUTRAL
2690,NEGATIVE
2691,NEGATIVE
2692,POSITIVE
2693,NEUTRAL
2694,NEGATIVE
2695,NEUTRAL
2696,NEUTRAL
2697,NEUTRAL
2698,NEUTRAL
2699,NEUTRAL
2700,NEUTRAL
2701,NEUTRAL
2702,MIXED
2703,NEUTRAL
2704,NEUTRAL
2705,NEUTRAL
2706,NEUTRAL
2707,NEUTRAL
2708,NEUTRAL
2709,NEUTRAL
2710,NEUTRAL
2711,NEUTRAL
2712,NEUTRAL
2713,NEUTRAL
2714,NEUTRAL
2715,NEUTRAL
2716,NEUTRAL
2717,NEUTRAL
2718,NEUTRAL
2719,NEGATIVE
2720,NEUTRAL
2721,NEUTRAL
2722,NEUTRAL
2723,NEUTRAL
2724,NEGATIVE
2725,NEUTRAL
2726,NEUTRAL
2727,MIXED
2728,NEUTRAL
2729,NEUTRAL
2730,NEUTRAL
2731,NEUTRAL
2732,NEUTRAL
2733,NEUTRAL
2734,NEUTRAL
2735,NEGATIVE
2736,NEGATIVE
2737,NEUTRAL
2738,NEUTRAL
2739,NEUTRAL
2740,NEUTRAL
2741,NEUTRAL
2742,NEUTRAL
2743,NEUTRAL
2744,NEUTRAL
2745,NEUTRAL
2746,NEUTRAL
2747,NEUTRAL
2748,NEUTRAL
2749,NEGATIVE
2750,NEUTRAL
2751,NEUTRAL
2752,NEUTRAL
2753,NEUTRAL
2754,NEUTRAL
2755,NEGATIVE
2756,POSITIVE
2757,NEGATIVE
2758,NEUTRAL
2759,NEUTRAL
2760,NEUTRAL
2761,NEUTRAL
2762,NEUTRAL
2763,NEUTRAL
2764,NEUTRAL
2765,NEUTRAL
2766,NEUTRAL
2767,NEUTRAL
2768,NEUTRAL
2769,NEUTRAL
2770,NEUTRAL
2771,NEUTRAL
2772,NEUTRAL
2773,NEUTRAL
2774,NEUTRAL
2775,NEUTRAL
2776,NEUTRAL
2777,NEUTRAL
2778,NEGATIVE
2779,NEUTRAL
2780,NEUTRAL
2781,NEUTRAL
2782,NEUTRAL
2783,NEUTRAL
2784,POSITIVE
2785,NEUTRAL
2786,NEUTRAL
2787,NEUTRAL
2788,NEUTRAL
2789,NEUTRAL
2790,NEUTRAL
2791,NEUTRAL
2792,NEUTRAL
2793,NEUTRAL
2794,POSITIVE
2795,NEGATIVE
2796,NEUTRAL
2797,NEUTRAL
2798,NEUTRAL
2799,NEUTRAL
2800,NEUTRAL
2801,NEUTRAL
2802,NEUTRAL
2803,NEUTRAL
2804,NEUTRAL
2805,NEUTRAL
2806,NEGATIVE
2807,NEUTRAL
2808,NEUTRAL
2809,NEUTRAL
2810,NEUTRAL
2811,NEUTRAL
2812,NEUTRAL
2813,NEGATIVE
2814,NEUTRAL
2815,NEGATIVE
2816,NEUTRAL
2817,NEUTRAL
2818,NEUTRAL
2819,NEUTRAL
2820,NEUTRAL
2821,NEUTRAL
2822,NEUTRAL
2823,NEUTRAL
2824,NEUTRAL
2825,NEGATIVE
2826,NEUTRAL
2827,NEUTRAL
2828,POSITIVE
2829,NEUTRAL
2830,NEUTRAL
2831,NEUTRAL
2832,POSITIVE
2833,NEUTRAL
2834,NEUTRAL
2835,NEGATIVE
2836,NEGATIVE
2837,NEUTRAL
2838,NEUTRAL
2839,NEUTRAL
2840,NEUTRAL
2841,NEUTRAL
2842,NEGATIVE
2843,NEUTRAL
2844,NEUTRAL
2845,NEUTRAL
2846,NEUTRAL
2847,NEUTRAL
2848,NEGATIVE
2849,NEUTRAL
2850,NEUTRAL
2851,NEGATIVE
2852,NEUTRAL
2853,NEUTRAL
2854,NEUTRAL
2855,NEUTRAL
2856,NEUTRAL
2857,NEUTRAL
2858,NEUTRAL
2859,NEUTRAL
2860,NEGATIVE
2861,NEUTRAL
2862,NEUTRAL
2863,MIXED
2864,NEUTRAL
2865,NEGATIVE
2866,NEUTRAL
2867,NEUTRAL
2868,NEUTRAL
2869,NEUTRAL
2870,NEUTRAL
2871,NEUTRAL
2872,NEUTRAL
2873,NEUTRAL
2874,NEUTRAL
2875,NEUTRAL
2876,NEUTRAL
2877,NEUTRAL
2878,NEUTRAL
2879,NEUTRAL
2880,NEUTRAL
2881,NEUTRAL
2882,NEUTRAL
2883,NEUTRAL
2884,NEGATIVE
2885,NEGATIVE
2886,NEUTRAL
2887,NEUTRAL
2888,NEUTRAL
2889,NEUTRAL
2890,NEUTRAL
2891,NEUTRAL
2892,NEUTRAL
2893,NEUTRAL
2894,NEUTRAL
2895,NEUTRAL
2896,NEGATIVE
2897,NEUTRAL
2898,NEUTRAL
2899,NEUTRAL
2900,NEUTRAL
2901,NEGATIVE
2902,NEUTRAL
2903,NEUTRAL
2904,NEUTRAL
2905,NEUTRAL
2906,NEUTRAL
2907,NEUTRAL
2908,NEUTRAL
2909,NEUTRAL
2910,NEGATIVE
2911,NEUTRAL
2912,NEUTRAL
2913,NEGATIVE
2914,NEUTRAL
2915,NEUTRAL
2916,NEUTRAL
2917,POSITIVE
2918,NEUTRAL
2919,NEUTRAL
2920,NEGATIVE
2921,NEUTRAL
2922,NEUTRAL
2923,NEGATIVE
2924,NEUTRAL
2925,NEUTRAL
2926,NEUTRAL
2927,NEUTRAL
2928,NEUTRAL
2929,NEUTRAL
2930,NEUTRAL
2931,NEUTRAL
2932,NEUTRAL
2933,NEUTRAL
2934,NEUTRAL
2935,NEUTRAL
2936,NEUTRAL
2937,MIXED
2938,NEUTRAL
2939,POSITIVE
2940,NEUTRAL
2941,NEUTRAL
2942,NEUTRAL
2943,NEUTRAL
2944,NEUTRAL
2945,NEUTRAL
2946,NEUTRAL
2947,NEUTRAL
2948,NEUTRAL
2949,NEUTRAL
2950,NEGATIVE
2951,NEGATIVE
2952,NEUTRAL
2953,NEGATIVE
2954,NEUTRAL
2955,NEUTRAL
2956,NEUTRAL
2957,NEUTRAL
2958,NEUTRAL
2959,MIXED
2960,NEUTRAL
2961,NEUTRAL
2962,NEUTRAL
2963,NEGATIVE
2964,NEUTRAL
2965,NEGATIVE
2966,NEUTRAL
2967,NEUTRAL
2968,NEUTRAL
2969,NEGATIVE
2970,NEUTRAL
2971,NEUTRAL
2972,NEUTRAL
2973,NEUTRAL
2974,NEGATIVE
2975,NEGATIVE
2976,NEUTRAL
2977,NEUTRAL
2978,NEUTRAL
2979,NEGATIVE
2980,NEUTRAL
2981,NEUTRAL
2982,NEGATIVE
2983,NEUTRAL
2984,NEUTRAL
2985,NEGATIVE
2986,NEUTRAL
2987,NEUTRAL
2988,NEGATIVE
2989,NEUTRAL
2990,NEUTRAL
2991,NEUTRAL
2992,NEUTRAL
2993,NEUTRAL
2994,NEUTRAL
2995,NEUTRAL
2996,NEGATIVE
2997,NEUTRAL
2998,NEUTRAL
2999,NEGATIVE
3000,NEUTRAL
3001,NEUTRAL
3002,NEUTRAL
3003,NEUTRAL
3004,NEUTRAL
3005,NEUTRAL
3006,NEUTRAL
3007,NEUTRAL
3008,NEUTRAL
3009,NEGATIVE
3010,NEUTRAL
3011,NEUTRAL
3012,NEUTRAL
3013,NEUTRAL
3014,POSITIVE
3015,NEUTRAL
3016,NEUTRAL
3017,NEUTRAL
3018,NEUTRAL
3019,NEUTRAL
3020,NEUTRAL
3021,NEUTRAL
3022,NEUTRAL
3023,NEUTRAL
3024,NEUTRAL
3025,NEUTRAL
3026,NEGATIVE
3027,NEGATIVE
3028,NEUTRAL
3029,NEGATIVE
3030,NEUTRAL
3031,NEUTRAL
3032,NEUTRAL
3033,NEGATIVE
3034,NEUTRAL
3035,NEUTRAL
3036,NEUTRAL
3037,NEGATIVE
3038,NEUTRAL
3039,MIXED
3040,NEUTRAL
3041,NEUTRAL
3042,NEGATIVE
3043,NEGATIVE
3044,NEGATIVE
3045,NEUTRAL
3046,NEGATIVE
3047,POSITIVE
3048,POSITIVE
3049,NEUTRAL
3050,NEGATIVE
3051,NEUTRAL
3052,NEUTRAL
3053,NEUTRAL
3054,NEUTRAL
3055,NEUTRAL
3056,NEUTRAL
3057,NEUTRAL
3058,NEUTRAL
3059,NEGATIVE
3060,NEGATIVE
3061,NEUTRAL
3062,NEUTRAL
3063,NEUTRAL
3064,NEUTRAL
3065,NEGATIVE
3066,NEUTRAL
3067,NEUTRAL
3068,NEUTRAL
3069,NEUTRAL
3070,NEUTRAL
3071,NEUTRAL
3072,NEUTRAL
3073,NEUTRAL
3074,NEUTRAL
3075,NEUTRAL
3076,NEGATIVE
3077,NEGATIVE
3078,MIXED
3079,NEUTRAL
3080,NEUTRAL
3081,NEUTRAL
3082,NEGATIVE
3083,NEUTRAL
3084,NEGATIVE
3085,NEUTRAL
3086,NEGATIVE
3087,NEUTRAL
3088,NEUTRAL
3089,NEGATIVE
3090,NEUTRAL
3091,NEUTRAL
3092,NEUTRAL
3093,NEUTRAL
3094,NEUTRAL
3095,NEGATIVE
3096,NEUTRAL
3097,NEUTRAL
3098,NEGATIVE
3099,NEUTRAL
3100,NEGATIVE
3101,MIXED
3102,NEUTRAL
3103,NEUTRAL
3104,NEUTRAL
3105,NEUTRAL
3106,NEUTRAL
3107,NEGATIVE
3108,NEUTRAL
3109,NEUTRAL
3110,NEUTRAL
3111,NEUTRAL
3112,NEUTRAL
3113,NEGATIVE
3114,NEUTRAL
3115,POSITIVE
3116,NEUTRAL
3117,NEUTRAL
3118,NEGATIVE
3119,NEUTRAL
3120,NEGATIVE
3121,NEGATIVE
3122,NEUTRAL
3123,NEUTRAL
3124,NEUTRAL
3125,NEUTRAL
3126,NEGATIVE
3127,NEUTRAL
3128,NEUTRAL
3129,NEUTRAL
3130,NEUTRAL
3131,NEUTRAL
3132,NEGATIVE
3133,NEUTRAL
3134,NEGATIVE
3135,NEUTRAL
3136,NEUTRAL
3137,NEUTRAL
3138,NEUTRAL
3139,NEUTRAL
3140,NEUTRAL
3141,NEUTRAL
3142,NEUTRAL
3143,NEUTRAL
3144,NEUTRAL
3145,NEGATIVE
3146,NEUTRAL
3147,NEUTRAL
3148,NEUTRAL
3149,NEUTRAL
3150,NEUTRAL
3151,NEUTRAL
3152,NEUTRAL
3153,NEUTRAL
3154,NEUTRAL
3155,NEGATIVE
3156,POSITIVE
3157,NEUTRAL
3158,NEUTRAL
3159,NEUTRAL
3160,POSITIVE
3161,NEUTRAL
3162,NEUTRAL
3163,NEUTRAL
3164,NEUTRAL
3165,NEUTRAL
3166,NEUTRAL
3167,NEUTRAL
3168,NEUTRAL
3169,NEUTRAL
3170,NEUTRAL
3171,NEGATIVE
3172,NEUTRAL
3173,NEUTRAL
3174,NEUTRAL
3175,NEUTRAL
3176,NEUTRAL
3177,POSITIVE
3178,NEUTRAL
3179,NEUTRAL
3180,NEGATIVE
3181,NEUTRAL
3182,NEUTRAL
3183,NEUTRAL
3184,NEUTRAL
3185,NEUTRAL
3186,NEUTRAL
3187,NEUTRAL
3188,NEUTRAL
3189,NEUTRAL
3190,NEUTRAL
3191,NEUTRAL
3192,NEUTRAL
3193,NEUTRAL
3194,NEUTRAL
3195,MIXED
3196,NEUTRAL
3197,NEUTRAL
3198,NEUTRAL
3199,NEUTRAL
3200,NEUTRAL
3201,NEUTRAL
3202,NEUTRAL
3203,NEUTRAL
3204,NEGATIVE
3205,NEUTRAL
3206,NEUTRAL
3207,NEGATIVE
3208,NEUTRAL
3209,NEUTRAL
3210,NEUTRAL
3211,NEUTRAL
3212,NEUTRAL
3213,NEUTRAL
3214,NEUTRAL
3215,NEUTRAL
3216,NEGATIVE
3217,NEUTRAL
3218,NEUTRAL
3219,POSITIVE
3220,NEUTRAL
3221,NEUTRAL
3222,NEUTRAL
3223,NEGATIVE
3224,NEGATIVE
3225,NEUTRAL
3226,NEUTRAL
3227,NEUTRAL
3228,NEGATIVE
3229,NEUTRAL
3230,NEUTRAL
3231,NEUTRAL
3232,NEUTRAL
3233,NEGATIVE
3234,NEUTRAL
3235,NEGATIVE
3236,NEUTRAL
3237,NEUTRAL
3238,NEGATIVE
3239,NEUTRAL
3240,NEUTRAL
3241,NEGATIVE
3242,NEUTRAL
3243,NEUTRAL
3244,NEUTRAL
3245,NEUTRAL
3246,NEUTRAL
3247,NEUTRAL
3248,NEUTRAL
3249,NEUTRAL
3250,NEUTRAL
3251,NEGATIVE
3252,NEUTRAL
3253,NEUTRAL
3254,NEUTRAL
3255,NEUTRAL
3256,NEGATIVE
3257,NEUTRAL
3258,NEUTRAL
3259,NEGATIVE
3260,NEUTRAL
3261,NEUTRAL
3262,NEUTRAL
3263,NEUTRAL
3264,NEUTRAL
3265,NEUTRAL
3266,NEUTRAL
3267,NEUTRAL
3268,NEUTRAL
3269,NEUTRAL
3270,NEUTRAL
3271,NEUTRAL
3272,NEUTRAL
3273,NEUTRAL
3274,NEGATIVE
3275,NEUTRAL
3276,NEUTRAL
3277,NEUTRAL
3278,NEUTRAL
3279,NEUTRAL
3280,NEUTRAL
3281,NEUTRAL
3282,NEUTRAL
3283,NEUTRAL
3284,NEUTRAL
3285,NEUTRAL
3286,NEUTRAL
3287,NEUTRAL
3288,NEUTRAL
3289,NEUTRAL
3290,NEUTRAL
3291,NEUTRAL
3292,NEUTRAL
3293,NEUTRAL
3294,NEUTRAL
3295,NEGATIVE
3296,NEUTRAL
3297,NEUTRAL
3298,NEGATIVE
3299,NEUTRAL
3300,NEUTRAL
3301,NEUTRAL
3302,NEUTRAL
3303,NEUTRAL
3304,NEGATIVE
3305,NEUTRAL
3306,NEGATIVE
3307,NEUTRAL
3308,NEGATIVE
3309,NEGATIVE
3310,NEUTRAL
3311,NEUTRAL
3312,NEUTRAL
3313,NEGATIVE
3314,NEUTRAL
3315,NEUTRAL
3316,NEUTRAL
3317,NEUTRAL
3318,NEUTRAL
3319,NEUTRAL
3320,NEUTRAL
3321,NEUTRAL
3322,NEUTRAL
3323,NEGATIVE
3324,NEUTRAL
3325,NEUTRAL
3326,NEGATIVE
3327,NEUTRAL
3328,NEGATIVE
3329,NEUTRAL
3330,NEUTRAL
3331,NEUTRAL
3332,NEUTRAL
3333,NEUTRAL
3334,NEUTRAL
3335,NEUTRAL
3336,NEUTRAL
3337,NEGATIVE
3338,NEUTRAL
3339,NEUTRAL
3340,NEUTRAL
3341,NEUTRAL
3342,NEGATIVE
3343,NEUTRAL
3344,NEUTRAL
3345,NEUTRAL
3346,NEUTRAL
3347,NEUTRAL
3348,NEGATIVE
3349,NEUTRAL
3350,NEGATIVE
3351,NEUTRAL
3352,NEUTRAL
3353,NEUTRAL
3354,NEUTRAL
3355,POSITIVE
3356,NEGATIVE
3357,NEGATIVE
3358,NEUTRAL
3359,NEGATIVE
3360,NEGATIVE
3361,NEUTRAL
3362,NEGATIVE
3363,NEUTRAL
3364,NEUTRAL
3365,NEUTRAL
3366,NEGATIVE
3367,NEGATIVE
3368,NEUTRAL
3369,NEGATIVE
3370,NEUTRAL
3371,NEGATIVE
3372,NEUTRAL
3373,NEUTRAL
3374,NEUTRAL
3375,NEGATIVE
3376,NEUTRAL
3377,POSITIVE
3378,NEUTRAL
3379,NEGATIVE
3380,NEUTRAL
3381,NEGATIVE
3382,NEGATIVE
3383,NEUTRAL
3384,NEUTRAL
3385,NEUTRAL
3386,NEUTRAL
3387,POSITIVE
3388,NEGATIVE
3389,NEGATIVE
3390,NEUTRAL
3391,NEUTRAL
3392,NEUTRAL
3393,NEUTRAL
3394,NEGATIVE
3395,NEUTRAL
3396,NEUTRAL
3397,NEUTRAL
3398,NEGATIVE
3399,NEUTRAL
3400,NEGATIVE
3401,NEGATIVE
3402,NEUTRAL
3403,NEUTRAL
3404,NEUTRAL
3405,NEUTRAL
3406,NEUTRAL
3407,NEUTRAL
3408,NEUTRAL
3409,NEGATIVE
3410,NEUTRAL
3411,NEUTRAL
3412,NEUTRAL
3413,NEGATIVE
3414,NEUTRAL
3415,NEUTRAL
3416,NEUTRAL
3417,NEUTRAL
3418,NEUTRAL
3419,NEUTRAL
3420,NEGATIVE
3421,NEGATIVE
3422,NEUTRAL
3423,NEUTRAL
3424,NEUTRAL
3425,NEUTRAL
3426,MIXED
3427,NEGATIVE
3428,NEGATIVE
3429,NEGATIVE
3430,POSITIVE
3431,NEUTRAL
3432,NEUTRAL
3433,POSITIVE
3434,NEUTRAL
3435,NEUTRAL
3436,NEUTRAL
3437,NEUTRAL
3438,NEGATIVE
3439,NEGATIVE
3440,NEGATIVE
3441,NEUTRAL
3442,POSITIVE
3443,NEUTRAL
3444,NEGATIVE
3445,NEUTRAL
3446,NEUTRAL
3447,POSITIVE
3448,NEUTRAL
3449,NEGATIVE
3450,NEUTRAL
3451,NEGATIVE
3452,NEUTRAL
3453,NEUTRAL
3454,NEGATIVE
3455,NEUTRAL
3456,NEUTRAL
3457,NEGATIVE
3458,NEUTRAL
3459,NEUTRAL
3460,NEUTRAL
3461,NEGATIVE
3462,NEGATIVE
3463,NEUTRAL
3464,NEUTRAL
3465,NEUTRAL
3466,NEGATIVE
3467,NEUTRAL
3468,NEUTRAL
3469,NEUTRAL
3470,NEUTRAL
3471,NEUTRAL
3472,NEUTRAL
3473,NEUTRAL
3474,NEUTRAL
3475,NEUTRAL
3476,NEUTRAL
3477,POSITIVE
3478,NEUTRAL
3479,NEUTRAL
3480,NEGATIVE
3481,NEUTRAL
3482,NEUTRAL
3483,NEUTRAL
3484,NEGATIVE
3485,NEUTRAL
3486,NEUTRAL
3487,NEUTRAL
3488,NEUTRAL
3489,NEUTRAL
3490,NEUTRAL
3491,NEUTRAL
3492,NEUTRAL
3493,NEUTRAL
3494,NEUTRAL
3495,NEUTRAL
3496,NEUTRAL
3497,NEUTRAL
3498,NEUTRAL
3499,NEUTRAL
3500,NEUTRAL
3501,NEUTRAL
3502,POSITIVE
3503,NEUTRAL
3504,NEUTRAL
3505,NEUTRAL
3506,NEGATIVE
3507,NEUTRAL
3508,NEUTRAL
3509,NEUTRAL
3510,NEUTRAL
3511,NEUTRAL
3512,NEUTRAL
3513,NEUTRAL
3514,NEUTRAL
3515,NEUTRAL
3516,NEGATIVE
3517,NEUTRAL
3518,NEGATIVE
3519,NEUTRAL
3520,NEGATIVE
3521,NEUTRAL
3522,NEGATIVE
3523,NEUTRAL
3524,NEGATIVE
3525,NEUTRAL
3526,NEUTRAL
3527,NEUTRAL
3528,NEUTRAL
3529,NEGATIVE
3530,NEUTRAL
3531,POSITIVE
3532,NEUTRAL
3533,NEUTRAL
3534,NEUTRAL
3535,NEGATIVE
3536,NEUTRAL
3537,NEUTRAL
3538,NEUTRAL
3539,NEUTRAL
3540,NEGATIVE
3541,NEGATIVE
3542,NEUTRAL
3543,NEUTRAL
3544,NEUTRAL
3545,NEUTRAL
3546,NEUTRAL
3547,NEUTRAL
3548,NEGATIVE
3549,POSITIVE
3550,NEUTRAL
3551,NEUTRAL
3552,NEUTRAL
3553,NEUTRAL
3554,NEUTRAL
3555,NEUTRAL
3556,NEUTRAL
3557,NEGATIVE
3558,NEGATIVE
3559,NEUTRAL
3560,NEUTRAL
3561,NEUTRAL
3562,NEGATIVE
3563,NEUTRAL
3564,NEUTRAL
3565,NEGATIVE
3566,NEGATIVE
3567,NEUTRAL
3568,NEGATIVE
3569,NEUTRAL
3570,NEUTRAL
3571,NEUTRAL
3572,NEGATIVE
3573,NEUTRAL
3574,NEUTRAL
3575,NEUTRAL
3576,NEUTRAL
3577,POSITIVE
3578,NEUTRAL
3579,NEUTRAL
3580,NEUTRAL
3581,NEUTRAL
3582,NEUTRAL
3583,NEUTRAL
3584,MIXED
3585,NEGATIVE
3586,NEUTRAL
3587,NEUTRAL
3588,NEUTRAL
3589,NEUTRAL
3590,NEUTRAL
3591,NEUTRAL
3592,NEUTRAL
3593,NEUTRAL
3594,NEUTRAL
3595,MIXED
3596,NEUTRAL
3597,NEGATIVE
3598,POSITIVE
3599,NEUTRAL
3600,NEGATIVE
3601,NEUTRAL
3602,NEUTRAL
3603,NEUTRAL
3604,NEUTRAL
3605,NEGATIVE
3606,NEGATIVE
3607,NEUTRAL
3608,NEUTRAL
3609,NEGATIVE
3610,NEUTRAL
3611,NEUTRAL
3612,NEUTRAL
3613,NEUTRAL
3614,NEUTRAL
3615,NEUTRAL
3616,NEUTRAL
3617,NEUTRAL
3618,NEUTRAL
3619,NEUTRAL
3620,NEUTRAL
3621,NEUTRAL
3622,NEUTRAL
3623,NEGATIVE
3624,NEUTRAL
3625,NEUTRAL
3626,NEGATIVE
3627,NEUTRAL
3628,NEUTRAL
3629,NEGATIVE
3630,NEUTRAL
3631,NEUTRAL
3632,NEUTRAL
3633,NEGATIVE
3634,NEUTRAL
3635,NEGATIVE
3636,NEGATIVE
3637,NEGATIVE
3638,NEUTRAL
3639,NEUTRAL
3640,NEGATIVE
3641,NEGATIVE
3642,NEUTRAL
3643,NEUTRAL
3644,NEUTRAL
3645,NEUTRAL
3646,NEGATIVE
3647,NEUTRAL
3648,NEUTRAL
3649,NEUTRAL
3650,NEUTRAL
3651,NEGATIVE
3652,NEUTRAL
3653,NEUTRAL
3654,POSITIVE
3655,NEUTRAL
3656,NEGATIVE
3657,NEUTRAL
3658,NEUTRAL
3659,NEGATIVE
3660,NEUTRAL
3661,NEGATIVE
3662,MIXED
3663,NEGATIVE
3664,NEUTRAL
3665,NEUTRAL
3666,NEUTRAL
3667,MIXED
3668,NEUTRAL
3669,NEUTRAL
3670,NEUTRAL
3671,NEUTRAL
3672,NEUTRAL
3673,NEUTRAL
3674,NEUTRAL
3675,NEUTRAL
3676,NEUTRAL
3677,NEUTRAL
3678,NEUTRAL
3679,POSITIVE
3680,NEUTRAL
3681,NEUTRAL
3682,NEGATIVE
3683,NEUTRAL
3684,MIXED
3685,NEUTRAL
3686,NEUTRAL
3687,NEGATIVE
3688,NEUTRAL
3689,NEUTRAL
3690,NEUTRAL
3691,NEUTRAL
3692,NEGATIVE
3693,NEUTRAL
3694,NEGATIVE
3695,NEGATIVE
3696,NEUTRAL
3697,NEUTRAL
3698,NEUTRAL
3699,NEUTRAL
3700,NEUTRAL
3701,NEUTRAL
3702,NEGATIVE
3703,NEUTRAL
3704,NEUTRAL
3705,NEUTRAL
3706,NEUTRAL
3707,NEUTRAL
3708,NEUTRAL
3709,NEUTRAL
3710,NEUTRAL
3711,NEUTRAL
3712,NEGATIVE
3713,POSITIVE
3714,NEUTRAL
3715,NEUTRAL
3716,NEUTRAL
3717,NEUTRAL
3718,NEGATIVE
3719,NEUTRAL
3720,NEUTRAL
3721,NEUTRAL
3722,NEUTRAL
3723,NEUTRAL
3724,POSITIVE
3725,NEUTRAL
3726,NEUTRAL
3727,NEUTRAL
3728,NEUTRAL
3729,NEUTRAL
3730,NEUTRAL
3731,NEUTRAL
3732,NEGATIVE
3733,NEGATIVE
3734,NEUTRAL
3735,NEUTRAL
3736,NEUTRAL
3737,POSITIVE
3738,NEUTRAL
3739,NEUTRAL
3740,NEUTRAL
3741,NEUTRAL
3742,NEGATIVE
3743,NEUTRAL
3744,NEUTRAL
3745,NEUTRAL
3746,NEGATIVE
3747,NEUTRAL
3748,NEUTRAL
3749,NEUTRAL
3750,NEUTRAL
3751,NEUTRAL
3752,NEUTRAL
3753,NEGATIVE
3754,NEUTRAL
3755,MIXED
3756,POSITIVE
3757,NEUTRAL
3758,NEUTRAL
3759,NEUTRAL
3760,NEGATIVE
3761,NEUTRAL
3762,NEGATIVE
3763,NEGATIVE
3764,NEUTRAL
3765,NEUTRAL
3766,NEGATIVE
3767,NEUTRAL
3768,NEUTRAL
3769,NEUTRAL
3770,NEUTRAL
3771,NEGATIVE
3772,NEGATIVE
3773,NEUTRAL
3774,NEGATIVE
3775,NEUTRAL
3776,NEGATIVE
3777,NEUTRAL
3778,NEUTRAL
3779,NEUTRAL
3780,NEUTRAL
3781,NEUTRAL
3782,NEUTRAL
3783,NEUTRAL
3784,NEGATIVE
3785,NEUTRAL
3786,NEUTRAL
3787,NEUTRAL
3788,NEUTRAL
3789,POSITIVE
3790,NEUTRAL
3791,NEUTRAL
3792,NEUTRAL
3793,NEUTRAL
3794,NEUTRAL
3795,NEUTRAL
3796,NEUTRAL
3797,NEUTRAL
3798,NEUTRAL
3799,NEUTRAL
3800,NEUTRAL
3801,NEUTRAL
3802,NEGATIVE
3803,NEUTRAL
3804,NEGATIVE
3805,NEUTRAL
3806,NEUTRAL
3807,NEUTRAL
3808,NEUTRAL
3809,NEUTRAL
3810,MIXED
3811,NEUTRAL
3812,NEUTRAL
3813,NEUTRAL
3814,NEGATIVE
3815,NEUTRAL
3816,NEGATIVE
3817,NEUTRAL
3818,NEUTRAL
3819,NEUTRAL
3820,NEUTRAL
3821,NEUTRAL
3822,NEUTRAL
3823,NEGATIVE
3824,NEUTRAL
3825,NEUTRAL
3826,NEUTRAL
3827,MIXED
3828,NEUTRAL
3829,NEGATIVE
3830,NEUTRAL
3831,NEUTRAL
3832,NEUTRAL
3833,NEGATIVE
3834,NEGATIVE
3835,NEUTRAL
3836,NEUTRAL
3837,POSITIVE
3838,NEUTRAL
3839,NEUTRAL
3840,NEUTRAL
3841,NEUTRAL
3842,NEUTRAL
3843,NEUTRAL
3844,NEUTRAL
3845,NEUTRAL
3846,NEGATIVE
3847,NEGATIVE
3848,NEUTRAL
3849,NEUTRAL
3850,NEUTRAL
3851,NEUTRAL
3852,NEUTRAL
3853,NEUTRAL
3854,POSITIVE
3855,NEUTRAL
3856,NEGATIVE
3857,NEGATIVE
3858,NEUTRAL
3859,NEUTRAL
3860,NEUTRAL
3861,NEUTRAL
3862,NEGATIVE
3863,NEUTRAL
3864,NEUTRAL
3865,NEUTRAL
3866,NEUTRAL
3867,NEUTRAL
3868,NEUTRAL
3869,NEUTRAL
3870,NEUTRAL
3871,NEGATIVE
3872,NEUTRAL
3873,NEUTRAL
3874,NEUTRAL
3875,POSITIVE
3876,NEGATIVE
3877,NEUTRAL
3878,NEUTRAL
3879,NEUTRAL
3880,NEUTRAL
3881,NEUTRAL
3882,NEUTRAL
3883,NEGATIVE
3884,NEGATIVE
3885,NEGATIVE
3886,NEUTRAL
3887,NEUTRAL
3888,NEUTRAL
3889,NEUTRAL
3890,NEUTRAL
3891,NEUTRAL
3892,NEUTRAL
3893,NEUTRAL
3894,NEGATIVE
3895,POSITIVE
3896,NEUTRAL
3897,NEUTRAL
3898,POSITIVE
3899,NEUTRAL
3900,NEUTRAL
3901,NEUTRAL
3902,NEUTRAL
3903,NEUTRAL
3904,NEUTRAL
3905,NEGATIVE
3906,NEUTRAL
3907,NEUTRAL
3908,NEUTRAL
3909,NEGATIVE
3910,NEUTRAL
3911,NEGATIVE
3912,NEGATIVE
3913,NEGATIVE
3914,NEGATIVE
3915,NEGATIVE
3916,NEUTRAL
3917,POSITIVE
3918,NEUTRAL
3919,NEUTRAL
3920,NEGATIVE
3921,NEUTRAL
3922,NEUTRAL
3923,NEUTRAL
3924,NEUTRAL
3925,NEUTRAL
3926,NEUTRAL
3927,NEUTRAL
3928,NEUTRAL
3929,NEUTRAL
3930,NEUTRAL
3931,NEUTRAL
3932,NEUTRAL
3933,NEUTRAL
3934,NEUTRAL
3935,MIXED
3936,POSITIVE
3937,NEUTRAL
3938,NEUTRAL
3939,NEGATIVE
3940,NEGATIVE
3941,NEUTRAL
3942,NEUTRAL
3943,NEUTRAL
3944,NEUTRAL
3945,NEGATIVE
3946,NEUTRAL
3947,NEUTRAL
3948,NEUTRAL
3949,NEUTRAL
3950,NEUTRAL
3951,NEUTRAL
3952,NEUTRAL
3953,NEUTRAL
3954,NEUTRAL
3955,NEUTRAL
3956,NEUTRAL
3957,NEUTRAL
3958,NEGATIVE
3959,NEUTRAL
3960,NEUTRAL
3961,NEUTRAL
3962,NEUTRAL
3963,NEUTRAL
3964,POSITIVE
3965,NEUTRAL
3966,NEUTRAL
3967,NEUTRAL
3968,NEUTRAL
3969,NEGATIVE
3970,NEUTRAL
3971,NEGATIVE
3972,NEUTRAL
3973,NEUTRAL
3974,NEUTRAL
3975,NEUTRAL
3976,NEUTRAL
3977,NEGATIVE
3978,NEUTRAL
3979,NEUTRAL
3980,NEUTRAL
3981,NEUTRAL
3982,NEUTRAL
3983,NEUTRAL
3984,NEUTRAL
3985,NEUTRAL
3986,NEUTRAL
3987,NEUTRAL
3988,NEUTRAL
3989,NEUTRAL
3990,NEUTRAL
3991,MIXED
3992,NEUTRAL
3993,NEUTRAL
3994,NEUTRAL
3995,NEUTRAL
3996,NEUTRAL
3997,NEGATIVE
3998,NEUTRAL
3999,NEUTRAL
4000,NEUTRAL
4001,NEUTRAL
4002,NEUTRAL
4003,NEUTRAL
4004,NEUTRAL
4005,NEUTRAL
4006,NEUTRAL
4007,NEUTRAL
4008,NEUTRAL
4009,NEUTRAL
4010,NEUTRAL
4011,NEUTRAL
4012,NEUTRAL
4013,NEUTRAL
4014,NEGATIVE
4015,NEUTRAL
4016,NEUTRAL
4017,NEUTRAL
4018,NEUTRAL
4019,NEUTRAL
4020,NEGATIVE
4021,NEUTRAL
4022,NEUTRAL
4023,NEUTRAL
4024,NEUTRAL
4025,NEUTRAL
4026,NEUTRAL
4027,NEUTRAL
4028,NEUTRAL
4029,NEUTRAL
4030,NEUTRAL
4031,NEGATIVE
4032,NEUTRAL
4033,POSITIVE
4034,NEUTRAL
4035,NEUTRAL
4036,NEUTRAL
4037,NEUTRAL
4038,NEGATIVE
4039,NEUTRAL
4040,NEUTRAL
4041,NEUTRAL
4042,NEUTRAL
4043,NEGATIVE
4044,NEUTRAL
4045,NEUTRAL
4046,NEUTRAL
4047,NEUTRAL
4048,NEUTRAL
4049,NEUTRAL
4050,POSITIVE
4051,NEUTRAL
4052,NEUTRAL
4053,NEUTRAL
4054,NEUTRAL
4055,NEGATIVE
4056,NEUTRAL
4057,NEGATIVE
4058,NEUTRAL
4059,NEUTRAL
4060,NEGATIVE
4061,NEUTRAL
4062,NEUTRAL
4063,NEUTRAL
4064,NEUTRAL
4065,NEUTRAL
4066,NEUTRAL
4067,NEUTRAL
4068,NEGATIVE
4069,NEUTRAL
4070,NEUTRAL
4071,NEUTRAL
4072,NEUTRAL
4073,NEUTRAL
4074,NEUTRAL
4075,NEUTRAL
4076,NEUTRAL
4077,NEUTRAL
4078,NEUTRAL
4079,NEUTRAL
4080,NEUTRAL
4081,NEUTRAL
4082,NEGATIVE
4083,NEUTRAL
4084,NEUTRAL
4085,NEUTRAL
4086,NEUTRAL
4087,NEUTRAL
4088,NEGATIVE
4089,NEUTRAL
4090,NEUTRAL
4091,NEUTRAL
4092,NEUTRAL
4093,NEUTRAL
4094,NEGATIVE
4095,NEUTRAL
4096,NEUTRAL
4097,NEUTRAL
4098,NEUTRAL
4099,NEUTRAL
4100,NEUTRAL
4101,NEUTRAL
4102,NEUTRAL
4103,NEUTRAL
4104,POSITIVE
4105,NEUTRAL
4106,NEUTRAL
4107,NEUTRAL
4108,NEUTRAL
4109,NEUTRAL
4110,NEGATIVE
4111,NEUTRAL
4112,NEUTRAL
4113,NEGATIVE
4114,NEUTRAL
4115,NEUTRAL
4116,NEUTRAL
4117,NEUTRAL
4118,NEUTRAL
4119,POSITIVE
4120,NEUTRAL
4121,NEUTRAL
4122,POSITIVE
4123,NEUTRAL
4124,NEUTRAL
4125,NEUTRAL
4126,NEUTRAL
4127,NEUTRAL
4128,NEGATIVE
4129,NEUTRAL
4130,NEGATIVE
4131,NEUTRAL
4132,NEUTRAL
4133,NEUTRAL
4134,NEUTRAL
4135,NEUTRAL
4136,NEUTRAL
4137,NEUTRAL
4138,NEUTRAL
4139,NEUTRAL
4140,NEUTRAL
4141,NEUTRAL
4142,NEUTRAL
4143,NEUTRAL
4144,NEUTRAL
4145,MIXED
4146,NEUTRAL
4147,POSITIVE
4148,NEUTRAL
4149,NEUTRAL
4150,NEUTRAL
4151,NEUTRAL
4152,NEUTRAL
4153,NEUTRAL
4154,NEUTRAL
4155,NEUTRAL
4156,NEGATIVE
4157,NEUTRAL
4158,NEUTRAL
4159,NEUTRAL
4160,NEGATIVE
4161,NEUTRAL
4162,NEUTRAL
4163,NEUTRAL
4164,NEGATIVE
4165,NEUTRAL
4166,NEUTRAL
4167,NEGATIVE
4168,NEUTRAL
4169,NEUTRAL
4170,NEUTRAL
4171,NEUTRAL
4172,NEUTRAL
4173,NEUTRAL
4174,NEUTRAL
4175,NEUTRAL
4176,NEUTRAL
4177,NEUTRAL
4178,NEUTRAL
4179,NEUTRAL
4180,NEGATIVE
4181,NEGATIVE
4182,NEUTRAL
4183,NEUTRAL
4184,NEUTRAL
4185,NEUTRAL
4186,NEUTRAL
4187,NEUTRAL
4188,NEUTRAL
4189,NEUTRAL
4190,NEUTRAL
4191,NEGATIVE
4192,NEGATIVE
4193,NEGATIVE
4194,NEUTRAL
4195,NEUTRAL
4196,NEGATIVE
4197,NEUTRAL
4198,NEUTRAL
4199,NEUTRAL
4200,NEUTRAL
4201,NEUTRAL
4202,NEUTRAL
4203,NEUTRAL
4204,NEUTRAL
4205,POSITIVE
4206,NEUTRAL
4207,NEGATIVE
4208,NEUTRAL
4209,NEUTRAL
4210,NEUTRAL
4211,NEUTRAL
4212,NEUTRAL
4213,NEUTRAL
4214,NEUTRAL
4215,NEUTRAL
4216,NEGATIVE
4217,NEUTRAL
4218,MIXED
4219,NEUTRAL
4220,NEUTRAL
4221,NEGATIVE
4222,NEUTRAL
4223,NEGATIVE
4224,NEUTRAL
4225,NEUTRAL
4226,NEUTRAL
4227,NEUTRAL
4228,NEUTRAL
4229,NEUTRAL
4230,NEUTRAL
4231,NEUTRAL
4232,NEGATIVE
4233,NEUTRAL
4234,NEGATIVE
4235,NEUTRAL
4236,NEUTRAL
4237,NEUTRAL
4238,NEUTRAL
4239,NEGATIVE
4240,NEUTRAL
4241,NEUTRAL
4242,NEUTRAL
4243,MIXED
4244,NEGATIVE
4245,NEUTRAL
4246,NEUTRAL
4247,POSITIVE
4248,NEUTRAL
4249,NEUTRAL
4250,NEUTRAL
4251,NEUTRAL
4252,NEUTRAL
4253,NEUTRAL
4254,NEUTRAL
4255,NEUTRAL
4256,NEGATIVE
4257,NEUTRAL
4258,NEUTRAL
4259,NEUTRAL
4260,NEUTRAL
4261,NEUTRAL
4262,NEUTRAL
4263,NEUTRAL
4264,NEUTRAL
4265,NEUTRAL
4266,NEUTRAL
4267,NEGATIVE
4268,NEUTRAL
4269,NEUTRAL
4270,NEUTRAL
4271,NEUTRAL
4272,NEGATIVE
4273,NEGATIVE
4274,NEUTRAL
4275,NEUTRAL
4276,NEUTRAL
4277,NEUTRAL
4278,NEUTRAL
4279,MIXED
4280,NEUTRAL
4281,NEUTRAL
4282,NEUTRAL
4283,NEUTRAL
4284,NEGATIVE
4285,NEUTRAL
4286,NEGATIVE
4287,NEGATIVE
4288,NEGATIVE
4289,NEUTRAL
4290,NEUTRAL
4291,NEUTRAL
4292,NEUTRAL
4293,NEUTRAL
4294,NEUTRAL
4295,NEUTRAL
4296,NEUTRAL
4297,NEUTRAL
4298,NEUTRAL
4299,POSITIVE
4300,NEUTRAL
4301,NEUTRAL
4302,MIXED
4303,NEUTRAL
4304,NEUTRAL
4305,NEUTRAL
4306,NEUTRAL
4307,NEUTRAL
4308,NEUTRAL
4309,NEUTRAL
4310,NEUTRAL
4311,NEUTRAL
4312,NEUTRAL
4313,NEUTRAL
4314,NEUTRAL
4315,NEGATIVE
4316,NEUTRAL
4317,NEUTRAL
4318,NEUTRAL
4319,NEUTRAL
4320,NEUTRAL
4321,NEUTRAL
4322,NEGATIVE
4323,NEUTRAL
4324,NEUTRAL
4325,NEUTRAL
4326,NEUTRAL
4327,NEUTRAL
4328,NEGATIVE
4329,NEUTRAL
4330,NEUTRAL
4331,NEUTRAL
4332,NEGATIVE
4333,NEUTRAL
4334,NEUTRAL
4335,MIXED
4336,NEUTRAL
4337,NEUTRAL
4338,NEUTRAL
4339,NEUTRAL
4340,NEUTRAL
4341,NEUTRAL
4342,NEGATIVE
4343,NEUTRAL
4344,NEGATIVE
4345,NEUTRAL
4346,NEUTRAL
4347,NEGATIVE
4348,NEUTRAL
4349,NEUTRAL
4350,NEGATIVE
4351,NEUTRAL
4352,NEUTRAL
4353,NEUTRAL
4354,NEUTRAL
4355,NEGATIVE
4356,MIXED
4357,NEUTRAL
4358,NEUTRAL
4359,NEUTRAL
4360,NEUTRAL
4361,NEGATIVE
4362,NEGATIVE
4363,NEUTRAL
4364,NEUTRAL
4365,NEUTRAL
4366,NEUTRAL
4367,NEGATIVE
4368,NEUTRAL
4369,NEUTRAL
4370,NEUTRAL
4371,NEUTRAL
4372,NEGATIVE
4373,NEUTRAL
4374,NEUTRAL
4375,NEUTRAL
4376,POSITIVE
4377,NEUTRAL
4378,NEUTRAL
4379,NEUTRAL
4380,NEUTRAL
4381,NEUTRAL
4382,NEUTRAL
4383,NEGATIVE
4384,NEUTRAL
4385,NEGATIVE
4386,NEUTRAL
4387,NEUTRAL
4388,NEGATIVE
4389,NEUTRAL
4390,NEUTRAL
4391,NEUTRAL
4392,NEUTRAL
4393,NEUTRAL
4394,NEUTRAL
4395,NEGATIVE
4396,NEGATIVE
4397,NEGATIVE
4398,NEUTRAL
4399,NEUTRAL
4400,NEGATIVE
4401,NEUTRAL
4402,NEUTRAL
4403,NEUTRAL
4404,NEUTRAL
4405,NEUTRAL
4406,NEGATIVE
4407,MIXED
4408,NEGATIVE
4409,NEUTRAL
4410,NEUTRAL
4411,NEUTRAL
4412,NEGATIVE
4413,NEUTRAL
4414,NEUTRAL
4415,NEUTRAL
4416,NEUTRAL
4417,NEUTRAL
4418,NEUTRAL
4419,NEUTRAL
4420,NEUTRAL
4421,NEUTRAL
4422,NEUTRAL
4423,NEUTRAL
4424,NEUTRAL
4425,NEUTRAL
4426,NEUTRAL
4427,NEUTRAL
4428,NEGATIVE
4429,NEUTRAL
4430,NEUTRAL
4431,POSITIVE
4432,POSITIVE
4433,NEUTRAL
4434,NEGATIVE
4435,NEGATIVE
4436,NEUTRAL
4437,NEGATIVE
4438,NEUTRAL
4439,NEUTRAL
4440,NEGATIVE
4441,NEGATIVE
4442,NEUTRAL
4443,NEUTRAL
4444,NEUTRAL
4445,NEUTRAL
4446,NEUTRAL
4447,NEUTRAL
4448,NEUTRAL
4449,NEUTRAL
4450,NEUTRAL
4451,NEUTRAL
4452,NEUTRAL
4453,NEUTRAL
4454,NEUTRAL
4455,NEGATIVE
4456,NEUTRAL
4457,NEUTRAL
4458,NEUTRAL
4459,NEGATIVE
4460,NEGATIVE
4461,NEUTRAL
4462,NEUTRAL
4463,NEGATIVE
4464,NEUTRAL
4465,NEUTRAL
4466,NEUTRAL
4467,NEUTRAL
4468,NEUTRAL
4469,NEUTRAL
4470,NEUTRAL
4471,NEGATIVE
4472,NEUTRAL
4473,NEUTRAL
4474,NEUTRAL
4475,NEUTRAL
4476,NEUTRAL
4477,NEUTRAL
4478,NEUTRAL
4479,NEUTRAL
4480,NEUTRAL
4481,NEUTRAL
4482,NEUTRAL
4483,NEUTRAL
4484,NEUTRAL
4485,NEUTRAL
4486,NEUTRAL
4487,NEUTRAL
4488,NEUTRAL
4489,NEUTRAL
4490,NEUTRAL
4491,NEUTRAL
4492,NEGATIVE
4493,NEUTRAL
4494,NEUTRAL
4495,NEGATIVE
4496,NEUTRAL
4497,NEGATIVE
4498,MIXED
4499,NEUTRAL
4500,NEUTRAL
4501,NEUTRAL
4502,NEUTRAL
4503,NEUTRAL
4504,NEUTRAL
4505,NEUTRAL
4506,NEUTRAL
4507,NEUTRAL
4508,NEUTRAL
4509,POSITIVE
4510,NEUTRAL
4511,NEUTRAL
4512,NEUTRAL
4513,NEUTRAL
4514,NEUTRAL
4515,NEGATIVE
4516,POSITIVE
4517,NEUTRAL
4518,NEUTRAL
4519,POSITIVE
4520,NEUTRAL
4521,NEUTRAL
4522,NEUTRAL
4523,NEUTRAL
4524,NEUTRAL
4525,NEUTRAL
4526,NEUTRAL
4527,NEUTRAL
4528,NEUTRAL
4529,NEUTRAL
4530,NEUTRAL
4531,NEUTRAL
4532,NEUTRAL
4533,NEGATIVE
4534,NEUTRAL
4535,NEUTRAL
4536,NEGATIVE
4537,NEGATIVE
4538,NEUTRAL
4539,NEUTRAL
4540,NEUTRAL
4541,POSITIVE
4542,NEUTRAL
4543,NEUTRAL
4544,NEUTRAL
4545,NEUTRAL
4546,NEUTRAL
4547,NEUTRAL
4548,NEGATIVE
4549,NEUTRAL
4550,NEUTRAL
4551,NEUTRAL
4552,NEUTRAL
4553,NEUTRAL
4554,NEUTRAL
4555,NEUTRAL
4556,NEUTRAL
4557,NEUTRAL
4558,NEUTRAL
4559,NEUTRAL
4560,NEUTRAL
4561,NEUTRAL
4562,NEUTRAL
4563,NEUTRAL
4564,NEUTRAL
4565,NEUTRAL
4566,NEUTRAL
4567,NEGATIVE
4568,NEGATIVE
4569,NEUTRAL
4570,NEUTRAL
4571,NEUTRAL
4572,NEUTRAL
4573,NEGATIVE
4574,NEUTRAL
4575,NEUTRAL
4576,NEUTRAL
4577,NEGATIVE
4578,NEUTRAL
4579,NEUTRAL
4580,NEUTRAL
4581,NEUTRAL
4582,NEUTRAL
4583,NEUTRAL
4584,NEUTRAL
4585,NEUTRAL
4586,NEUTRAL
4587,NEGATIVE
4588,NEUTRAL
4589,NEUTRAL
4590,NEGATIVE
4591,NEUTRAL
4592,NEUTRAL
4593,NEUTRAL
4594,NEUTRAL
4595,NEGATIVE
4596,NEUTRAL
4597,NEUTRAL
4598,NEUTRAL
4599,NEUTRAL
4600,NEGATIVE
4601,NEGATIVE
4602,NEUTRAL
4603,NEUTRAL
4604,NEGATIVE
4605,NEUTRAL
4606,NEUTRAL
4607,NEUTRAL
4608,NEUTRAL
4609,NEUTRAL
4610,NEUTRAL
4611,NEUTRAL
4612,NEUTRAL
4613,NEUTRAL
4614,NEGATIVE
4615,NEGATIVE
4616,NEUTRAL
4617,NEGATIVE
4618,NEUTRAL
4619,NEUTRAL
4620,NEUTRAL
4621,NEUTRAL
4622,NEUTRAL
4623,NEUTRAL
4624,NEUTRAL
4625,NEUTRAL
4626,NEUTRAL
4627,NEGATIVE
4628,NEUTRAL
4629,NEUTRAL
4630,NEUTRAL
4631,NEGATIVE
4632,NEGATIVE
4633,NEUTRAL
4634,NEUTRAL
4635,NEGATIVE
4636,NEUTRAL
4637,NEUTRAL
4638,NEUTRAL
4639,NEUTRAL
4640,NEUTRAL
4641,NEGATIVE
4642,NEUTRAL
4643,NEUTRAL
4644,NEUTRAL
4645,NEGATIVE
4646,NEUTRAL
4647,NEUTRAL
4648,NEGATIVE
4649,NEGATIVE
4650,NEUTRAL
4651,NEGATIVE
4652,NEUTRAL
4653,NEGATIVE
4654,NEUTRAL
4655,NEUTRAL
4656,NEUTRAL
4657,NEUTRAL
4658,NEUTRAL
4659,NEUTRAL
4660,NEUTRAL
4661,NEGATIVE
4662,NEUTRAL
4663,NEUTRAL
4664,NEUTRAL
4665,NEUTRAL
4666,NEGATIVE
4667,NEGATIVE
4668,NEGATIVE
4669,NEUTRAL
4670,NEUTRAL
4671,NEUTRAL
4672,NEUTRAL
4673,NEUTRAL
4674,NEUTRAL
4675,NEUTRAL
4676,NEUTRAL
4677,NEUTRAL
4678,POSITIVE
4679,NEUTRAL
4680,NEUTRAL
4681,NEUTRAL
4682,NEUTRAL
4683,NEGATIVE
4684,NEUTRAL
4685,NEUTRAL
4686,NEUTRAL
4687,NEUTRAL
4688,NEGATIVE
4689,NEUTRAL
4690,MIXED
4691,NEUTRAL
4692,NEUTRAL
4693,NEUTRAL
4694,NEUTRAL
4695,NEUTRAL
4696,NEUTRAL
4697,NEUTRAL
4698,NEUTRAL
4699,NEGATIVE
4700,NEUTRAL
4701,NEUTRAL
4702,NEUTRAL
4703,NEUTRAL
4704,NEUTRAL
4705,NEUTRAL
4706,NEUTRAL
4707,NEUTRAL
4708,NEUTRAL
4709,NEUTRAL
4710,NEGATIVE
4711,NEUTRAL
4712,NEUTRAL
4713,NEUTRAL
4714,NEUTRAL
4715,NEUTRAL
4716,NEUTRAL
4717,NEUTRAL
4718,NEUTRAL
4719,NEUTRAL
4720,NEUTRAL
4721,NEUTRAL
4722,NEUTRAL
4723,NEUTRAL
4724,NEUTRAL
4725,NEUTRAL
4726,NEUTRAL
4727,NEGATIVE
4728,NEUTRAL
4729,NEUTRAL
4730,NEUTRAL
4731,NEUTRAL
4732,NEGATIVE
4733,NEUTRAL
4734,NEUTRAL
4735,NEGATIVE
4736,NEUTRAL
4737,NEUTRAL
4738,NEUTRAL
4739,NEUTRAL
4740,NEUTRAL
4741,NEUTRAL
4742,NEGATIVE
4743,NEUTRAL
4744,NEGATIVE
4745,NEUTRAL
4746,NEUTRAL
4747,NEGATIVE
4748,NEUTRAL
4749,NEUTRAL
4750,NEUTRAL
4751,NEUTRAL
4752,NEUTRAL
4753,NEUTRAL
4754,NEUTRAL
4755,NEUTRAL
4756,NEUTRAL
4757,NEUTRAL
4758,NEUTRAL
4759,POSITIVE
4760,NEUTRAL
4761,NEUTRAL
4762,NEUTRAL
4763,NEUTRAL
4764,NEUTRAL
4765,NEUTRAL
4766,NEGATIVE
4767,NEGATIVE
4768,NEUTRAL
4769,NEUTRAL
4770,NEUTRAL
4771,NEUTRAL
4772,NEUTRAL
4773,NEUTRAL
4774,NEUTRAL
4775,NEUTRAL
4776,NEUTRAL
4777,NEUTRAL
4778,NEUTRAL
4779,NEUTRAL
4780,NEUTRAL
4781,NEUTRAL
4782,NEUTRAL
4783,NEGATIVE
4784,NEUTRAL
4785,NEUTRAL
4786,NEUTRAL
4787,NEGATIVE
4788,NEUTRAL
4789,NEUTRAL
4790,NEUTRAL
4791,NEUTRAL
4792,NEUTRAL
4793,NEUTRAL
4794,NEUTRAL
4795,NEUTRAL
4796,NEUTRAL
4797,NEUTRAL
4798,NEUTRAL
4799,NEUTRAL
4800,NEGATIVE
4801,NEUTRAL
4802,NEUTRAL
4803,NEGATIVE
4804,NEGATIVE
4805,NEUTRAL
4806,NEUTRAL
4807,NEUTRAL
4808,NEUTRAL
4809,NEUTRAL
4810,NEGATIVE
4811,NEUTRAL
4812,NEUTRAL
4813,NEUTRAL
4814,NEGATIVE
4815,NEUTRAL
4816,POSITIVE
4817,POSITIVE
4818,NEUTRAL
4819,NEUTRAL
4820,NEGATIVE
4821,NEUTRAL
4822,NEUTRAL
4823,NEUTRAL
4824,NEUTRAL
4825,NEGATIVE
4826,NEUTRAL
4827,NEUTRAL
4828,NEUTRAL
4829,NEGATIVE
4830,NEUTRAL
4831,NEUTRAL
4832,NEUTRAL
4833,NEUTRAL
4834,NEUTRAL
4835,NEUTRAL
4836,NEUTRAL
4837,NEUTRAL
4838,NEUTRAL
4839,NEUTRAL
4840,NEUTRAL
4841,NEUTRAL
4842,NEUTRAL
4843,NEUTRAL
4844,NEUTRAL
4845,NEGATIVE
4846,NEGATIVE
4847,NEUTRAL
4848,NEUTRAL
4849,NEUTRAL
4850,NEUTRAL
4851,NEUTRAL
4852,NEUTRAL
4853,NEUTRAL
4854,NEUTRAL
4855,NEUTRAL
4856,NEUTRAL
4857,NEUTRAL
4858,NEUTRAL
4859,NEGATIVE
4860,POSITIVE
4861,NEUTRAL
4862,NEUTRAL
4863,NEGATIVE
4864,NEGATIVE
4865,NEGATIVE
4866,NEGATIVE
4867,NEGATIVE
4868,NEUTRAL
4869,NEUTRAL
4870,NEGATIVE
4871,NEUTRAL
4872,NEUTRAL
4873,NEUTRAL
4874,NEUTRAL
4875,NEGATIVE
4876,NEGATIVE
4877,NEUTRAL
4878,NEUTRAL
4879,NEUTRAL
4880,NEUTRAL
4881,NEUTRAL
4882,NEGATIVE
4883,NEUTRAL
4884,NEGATIVE
4885,NEUTRAL
4886,NEUTRAL
4887,NEUTRAL
4888,NEUTRAL
4889,NEUTRAL
4890,NEGATIVE
4891,NEUTRAL
4892,NEUTRAL
4893,NEUTRAL
4894,NEUTRAL
4895,NEUTRAL
4896,NEUTRAL
4897,NEUTRAL
4898,NEUTRAL
4899,NEGATIVE
4900,NEUTRAL
4901,NEUTRAL
4902,NEUTRAL
4903,NEUTRAL
4904,NEGATIVE
4905,NEUTRAL
4906,NEUTRAL
4907,NEUTRAL
4908,NEUTRAL
4909,NEUTRAL
4910,NEGATIVE
4911,NEUTRAL
4912,NEUTRAL
4913,NEUTRAL
4914,NEUTRAL
4915,NEUTRAL
4916,NEGATIVE
4917,NEUTRAL
4918,MIXED
4919,NEUTRAL
4920,NEUTRAL
4921,NEGATIVE
4922,NEUTRAL
4923,NEGATIVE
4924,NEUTRAL
4925,NEGATIVE
4926,NEGATIVE
4927,NEUTRAL
4928,NEUTRAL
4929,NEUTRAL
4930,NEUTRAL
4931,NEUTRAL
4932,NEUTRAL
4933,NEUTRAL
4934,NEUTRAL
4935,NEUTRAL
4936,NEUTRAL
4937,NEGATIVE
4938,NEUTRAL
4939,NEUTRAL
4940,NEUTRAL
4941,NEUTRAL
4942,NEUTRAL
4943,NEUTRAL
4944,NEUTRAL
4945,NEGATIVE
4946,NEUTRAL
4947,NEGATIVE
4948,NEGATIVE
4949,NEUTRAL
4950,NEUTRAL
4951,NEUTRAL
4952,NEGATIVE
4953,NEUTRAL
4954,NEUTRAL
4955,NEUTRAL
4956,NEUTRAL
4957,NEUTRAL
4958,NEUTRAL
4959,NEUTRAL
4960,NEUTRAL
4961,NEUTRAL
4962,NEUTRAL
4963,NEUTRAL
4964,NEUTRAL
4965,NEUTRAL
4966,NEGATIVE
4967,NEGATIVE
4968,NEUTRAL
4969,NEUTRAL
4970,NEUTRAL
4971,NEUTRAL
4972,NEUTRAL
4973,NEUTRAL
4974,NEUTRAL
4975,NEUTRAL
4976,NEUTRAL
4977,NEUTRAL
4978,NEGATIVE
4979,NEUTRAL
4980,NEGATIVE
4981,NEUTRAL
4982,NEUTRAL
4983,NEUTRAL
4984,NEUTRAL
4985,NEUTRAL
4986,NEUTRAL
4987,NEGATIVE
4988,NEUTRAL
4989,NEGATIVE
4990,NEGATIVE
4991,NEGATIVE
4992,NEUTRAL
4993,NEUTRAL
4994,NEUTRAL
4995,NEGATIVE
4996,NEUTRAL
4997,NEUTRAL
4998,NEUTRAL
4999,NEUTRAL
5000,NEUTRAL
5001,NEUTRAL
5002,NEGATIVE
5003,NEUTRAL
5004,NEUTRAL
5005,NEGATIVE
5006,NEUTRAL
5007,NEGATIVE
5008,NEUTRAL
5009,NEGATIVE
5010,NEUTRAL
5011,NEUTRAL
5012,NEUTRAL
5013,NEUTRAL
5014,NEGATIVE
5015,NEUTRAL
5016,NEGATIVE
5017,NEUTRAL
5018,NEGATIVE
5019,NEUTRAL
5020,NEUTRAL
5021,NEGATIVE
5022,NEGATIVE
5023,NEUTRAL
5024,NEUTRAL
5025,NEUTRAL
5026,NEUTRAL
5027,NEUTRAL
5028,NEUTRAL
5029,NEUTRAL
5030,NEUTRAL
5031,NEUTRAL
5032,NEGATIVE
5033,NEUTRAL
5034,NEUTRAL
5035,NEGATIVE
5036,POSITIVE
5037,NEUTRAL
5038,NEUTRAL
5039,NEUTRAL
5040,NEUTRAL
5041,NEUTRAL
5042,NEUTRAL
5043,NEUTRAL
5044,NEUTRAL
5045,NEUTRAL
5046,NEUTRAL
5047,NEGATIVE
5048,NEUTRAL
5049,NEGATIVE
5050,NEUTRAL
5051,NEUTRAL
5052,NEUTRAL
5053,NEUTRAL
5054,NEUTRAL
5055,NEGATIVE
5056,NEUTRAL
5057,NEUTRAL
5058,NEUTRAL
5059,NEUTRAL
5060,NEUTRAL
5061,NEUTRAL
5062,NEUTRAL
5063,NEUTRAL
5064,NEUTRAL
5065,NEGATIVE
5066,NEUTRAL
5067,NEUTRAL
5068,NEUTRAL
5069,NEGATIVE
5070,NEUTRAL
5071,NEUTRAL
5072,NEUTRAL
5073,NEGATIVE
5074,NEGATIVE
5075,NEUTRAL
5076,NEUTRAL
5077,NEUTRAL
5078,NEUTRAL
5079,NEUTRAL
5080,NEUTRAL
5081,NEUTRAL
5082,NEUTRAL
5083,NEGATIVE
5084,NEUTRAL
5085,NEUTRAL
5086,NEUTRAL
5087,NEUTRAL
5088,NEUTRAL
5089,NEUTRAL
5090,NEUTRAL
5091,NEUTRAL
5092,NEUTRAL
5093,NEUTRAL
5094,NEUTRAL
5095,NEUTRAL
5096,NEUTRAL
5097,NEUTRAL
5098,NEUTRAL
5099,NEUTRAL
5100,NEUTRAL
5101,NEGATIVE
5102,NEUTRAL
5103,NEUTRAL
5104,NEUTRAL
5105,NEUTRAL
5106,NEUTRAL
5107,NEUTRAL
5108,NEUTRAL
5109,NEUTRAL
5110,NEUTRAL
5111,NEUTRAL
5112,NEUTRAL
5113,NEUTRAL
5114,NEUTRAL
5115,NEUTRAL
5116,NEUTRAL
5117,NEUTRAL
5118,NEUTRAL
5119,NEGATIVE
5120,NEUTRAL
5121,NEUTRAL
5122,POSITIVE
5123,NEUTRAL
5124,NEGATIVE
5125,NEUTRAL
5126,NEUTRAL
5127,NEUTRAL
5128,NEUTRAL
5129,NEUTRAL
5130,NEUTRAL
5131,NEUTRAL
5132,NEUTRAL
5133,NEUTRAL
5134,NEUTRAL
5135,NEUTRAL
5136,NEUTRAL
5137,NEGATIVE
5138,NEUTRAL
5139,NEUTRAL
5140,NEUTRAL
5141,NEGATIVE
5142,MIXED
5143,NEUTRAL
5144,NEUTRAL
5145,NEUTRAL
5146,NEUTRAL
5147,NEUTRAL
5148,NEUTRAL
5149,NEUTRAL
5150,NEUTRAL
5151,NEUTRAL
5152,NEUTRAL
5153,NEUTRAL
5154,NEUTRAL
5155,NEUTRAL
5156,NEUTRAL
5157,NEGATIVE
5158,NEUTRAL
5159,NEGATIVE
5160,NEGATIVE
5161,NEUTRAL
5162,NEGATIVE
5163,NEUTRAL
5164,NEUTRAL
5165,NEUTRAL
5166,MIXED
5167,NEUTRAL
5168,NEUTRAL
5169,NEGATIVE
5170,NEUTRAL
5171,NEUTRAL
5172,NEUTRAL
5173,NEUTRAL
5174,NEUTRAL
5175,NEUTRAL
5176,NEUTRAL
5177,NEUTRAL
5178,NEUTRAL
5179,NEUTRAL
5180,POSITIVE
5181,NEUTRAL
5182,NEUTRAL
5183,NEUTRAL
5184,NEUTRAL
5185,NEUTRAL
5186,NEGATIVE
5187,NEUTRAL
5188,NEUTRAL
5189,NEUTRAL
5190,NEUTRAL
5191,NEGATIVE
5192,NEUTRAL
5193,NEGATIVE
5194,NEUTRAL
5195,NEGATIVE
5196,NEGATIVE
5197,NEUTRAL
5198,NEUTRAL
5199,NEUTRAL
5200,POSITIVE
5201,NEUTRAL
5202,NEUTRAL
5203,NEUTRAL
5204,NEUTRAL
5205,NEGATIVE
5206,NEUTRAL
5207,NEGATIVE
5208,NEUTRAL
5209,NEUTRAL
5210,NEUTRAL
5211,NEUTRAL
5212,NEUTRAL
5213,NEGATIVE
5214,NEUTRAL
5215,NEUTRAL
5216,NEUTRAL
5217,NEUTRAL
5218,NEGATIVE
5219,NEUTRAL
5220,NEUTRAL
5221,NEGATIVE
5222,NEUTRAL
5223,NEUTRAL
5224,NEUTRAL
5225,NEUTRAL
5226,NEGATIVE
5227,NEGATIVE
5228,NEGATIVE
5229,NEGATIVE
5230,NEUTRAL
5231,NEUTRAL
5232,NEUTRAL
5233,NEGATIVE
5234,NEGATIVE
5235,NEUTRAL
5236,NEUTRAL
5237,NEUTRAL
5238,NEUTRAL
5239,NEUTRAL
5240,NEUTRAL
5241,NEUTRAL
5242,NEUTRAL
5243,NEUTRAL
5244,POSITIVE
5245,NEGATIVE
5246,NEUTRAL
5247,NEUTRAL
5248,NEUTRAL
5249,NEUTRAL
5250,NEUTRAL
5251,NEUTRAL
5252,NEUTRAL
5253,NEUTRAL
5254,NEUTRAL
5255,NEUTRAL
5256,NEUTRAL
5257,NEUTRAL
5258,NEUTRAL
5259,NEUTRAL
5260,NEUTRAL
5261,NEUTRAL
5262,POSITIVE
5263,NEUTRAL
5264,NEUTRAL
5265,NEUTRAL
5266,NEUTRAL
5267,NEUTRAL
5268,NEUTRAL
5269,NEUTRAL
5270,NEUTRAL
5271,NEUTRAL
5272,NEGATIVE
5273,NEUTRAL
5274,NEUTRAL
5275,NEUTRAL
5276,NEUTRAL
5277,NEUTRAL
5278,NEUTRAL
5279,NEUTRAL
5280,NEUTRAL
5281,NEUTRAL
5282,NEGATIVE
5283,MIXED
5284,NEUTRAL
5285,NEUTRAL
5286,NEUTRAL
5287,NEGATIVE
5288,NEUTRAL
5289,NEUTRAL
5290,NEUTRAL
5291,NEGATIVE
5292,NEUTRAL
5293,NEUTRAL
5294,NEUTRAL
5295,NEUTRAL
5296,NEUTRAL
5297,NEGATIVE
5298,NEGATIVE
5299,NEUTRAL
5300,NEUTRAL
5301,NEUTRAL
5302,NEUTRAL
5303,NEUTRAL
5304,NEUTRAL
5305,NEUTRAL
5306,NEUTRAL
5307,NEGATIVE
5308,NEUTRAL
5309,NEGATIVE
5310,NEUTRAL
5311,NEUTRAL
5312,POSITIVE
5313,NEUTRAL
5314,NEUTRAL
5315,NEGATIVE
5316,NEUTRAL
5317,NEUTRAL
5318,NEUTRAL
5319,NEGATIVE
5320,NEUTRAL
5321,NEUTRAL
5322,NEGATIVE
5323,NEUTRAL
5324,NEUTRAL
5325,NEUTRAL
5326,NEGATIVE
5327,NEGATIVE
5328,NEUTRAL
5329,NEGATIVE
5330,NEUTRAL
5331,NEUTRAL
5332,NEUTRAL
5333,NEGATIVE
5334,NEGATIVE
5335,NEUTRAL
5336,NEUTRAL
5337,NEUTRAL
5338,NEUTRAL
5339,NEGATIVE
5340,NEGATIVE
5341,NEGATIVE
5342,NEUTRAL
5343,NEUTRAL
5344,NEGATIVE
5345,NEUTRAL
5346,NEGATIVE
5347,NEGATIVE
5348,NEUTRAL
5349,NEUTRAL
5350,NEUTRAL
5351,NEUTRAL
5352,NEUTRAL
5353,NEUTRAL
5354,NEUTRAL
5355,NEUTRAL
5356,NEUTRAL
5357,NEUTRAL
5358,NEUTRAL
5359,NEUTRAL
5360,NEGATIVE
5361,NEGATIVE
5362,NEUTRAL
5363,NEUTRAL
5364,NEUTRAL
5365,NEGATIVE
5366,NEGATIVE
5367,NEUTRAL
5368,NEUTRAL
5369,NEGATIVE
5370,NEUTRAL
5371,NEUTRAL
5372,NEUTRAL
5373,NEUTRAL
5374,NEGATIVE
5375,NEUTRAL
5376,NEUTRAL
5377,NEUTRAL
5378,NEUTRAL
5379,POSITIVE
5380,NEGATIVE
5381,NEUTRAL
5382,NEUTRAL
5383,NEUTRAL
5384,NEUTRAL
5385,NEUTRAL
5386,NEUTRAL
5387,NEUTRAL
5388,NEGATIVE
5389,NEUTRAL
5390,NEUTRAL
5391,NEUTRAL
5392,NEUTRAL
5393,NEUTRAL
5394,NEUTRAL
5395,NEUTRAL
5396,NEGATIVE
5397,NEGATIVE
5398,NEUTRAL
5399,NEUTRAL
5400,NEUTRAL
5401,NEUTRAL
5402,NEGATIVE
5403,NEGATIVE
5404,MIXED
5405,POSITIVE
5406,NEUTRAL
5407,NEUTRAL
5408,NEUTRAL
5409,NEUTRAL
5410,NEUTRAL
5411,NEUTRAL
5412,POSITIVE
5413,NEUTRAL
5414,NEUTRAL
5415,NEGATIVE
5416,NEUTRAL
5417,NEUTRAL
5418,NEUTRAL
5419,NEUTRAL
5420,NEUTRAL
5421,NEUTRAL
5422,NEUTRAL
5423,NEUTRAL
5424,NEGATIVE
5425,NEUTRAL
5426,NEUTRAL
5427,NEUTRAL
5428,NEUTRAL
5429,NEGATIVE
5430,NEUTRAL
5431,NEUTRAL
5432,NEUTRAL
5433,NEUTRAL
5434,NEUTRAL
5435,NEGATIVE
5436,NEGATIVE
5437,NEUTRAL
5438,NEUTRAL
5439,NEGATIVE
5440,NEUTRAL
5441,NEGATIVE
5442,NEGATIVE
5443,POSITIVE
5444,NEUTRAL
5445,POSITIVE
5446,NEUTRAL
5447,NEUTRAL
5448,NEUTRAL
5449,NEUTRAL
5450,NEUTRAL
5451,NEUTRAL
5452,NEUTRAL
5453,NEUTRAL
5454,NEUTRAL
5455,NEUTRAL
5456,MIXED
5457,NEUTRAL
5458,NEUTRAL
5459,NEUTRAL
5460,NEUTRAL
5461,MIXED
5462,NEUTRAL
5463,NEUTRAL
5464,NEUTRAL
5465,NEUTRAL
5466,NEUTRAL
5467,NEUTRAL
5468,NEGATIVE
5469,NEGATIVE
5470,NEUTRAL
5471,NEUTRAL
5472,NEUTRAL
5473,NEUTRAL
5474,NEUTRAL
5475,NEUTRAL
5476,NEGATIVE
5477,NEUTRAL
5478,NEGATIVE
5479,NEUTRAL
5480,NEGATIVE
5481,NEUTRAL
5482,NEUTRAL
5483,NEUTRAL
5484,NEGATIVE
5485,NEUTRAL
5486,NEUTRAL
5487,NEUTRAL
5488,NEUTRAL
5489,NEUTRAL
5490,NEUTRAL
5491,NEUTRAL
5492,NEUTRAL
5493,NEUTRAL
5494,NEUTRAL
5495,NEGATIVE
5496,NEUTRAL
5497,POSITIVE
5498,NEUTRAL
5499,NEUTRAL
5500,NEUTRAL
5501,NEUTRAL
5502,NEUTRAL
5503,NEUTRAL
5504,NEUTRAL
5505,NEUTRAL
5506,NEUTRAL
5507,NEUTRAL
5508,NEUTRAL
5509,NEUTRAL
5510,MIXED
5511,NEUTRAL
5512,NEUTRAL
5513,NEUTRAL
5514,NEUTRAL
5515,POSITIVE
5516,NEUTRAL
5517,NEUTRAL
5518,NEUTRAL
5519,NEUTRAL
5520,NEUTRAL
5521,MIXED
5522,NEUTRAL
5523,NEUTRAL
5524,NEUTRAL
5525,NEUTRAL
5526,NEGATIVE
5527,NEUTRAL
5528,NEGATIVE
5529,POSITIVE
5530,POSITIVE
5531,NEUTRAL
5532,NEUTRAL
5533,NEUTRAL
5534,NEUTRAL
5535,NEGATIVE
5536,NEUTRAL
5537,NEUTRAL
5538,NEUTRAL
5539,NEUTRAL
5540,NEUTRAL
5541,NEUTRAL
5542,NEUTRAL
5543,NEUTRAL
5544,NEUTRAL
5545,NEUTRAL
5546,NEUTRAL
5547,MIXED
5548,NEUTRAL
5549,NEUTRAL
5550,NEUTRAL
5551,POSITIVE
5552,NEUTRAL
5553,NEUTRAL
5554,NEGATIVE
5555,NEGATIVE
5556,NEUTRAL
5557,NEGATIVE
5558,NEUTRAL
5559,NEUTRAL
5560,NEUTRAL
5561,NEGATIVE
5562,NEUTRAL
5563,NEUTRAL
5564,NEUTRAL
5565,NEUTRAL
5566,NEUTRAL
5567,NEUTRAL
5568,NEGATIVE
5569,NEUTRAL
5570,NEUTRAL
5571,NEUTRAL
5572,NEUTRAL
5573,NEUTRAL
5574,NEUTRAL
5575,NEUTRAL
5576,NEUTRAL
5577,NEUTRAL
5578,NEGATIVE
5579,NEUTRAL
5580,NEUTRAL
5581,NEUTRAL
5582,NEGATIVE
5583,NEUTRAL
5584,POSITIVE
5585,NEUTRAL
5586,NEUTRAL
5587,NEUTRAL
5588,NEGATIVE
5589,NEUTRAL
5590,NEUTRAL
5591,NEUTRAL
5592,NEUTRAL
5593,NEUTRAL
5594,NEUTRAL
5595,NEGATIVE
5596,NEGATIVE
5597,NEUTRAL
5598,NEUTRAL
5599,NEUTRAL
5600,NEUTRAL
5601,NEUTRAL
5602,NEUTRAL
5603,NEUTRAL
5604,NEUTRAL
5605,NEUTRAL
5606,NEUTRAL
5607,MIXED
5608,NEUTRAL
5609,NEUTRAL
5610,NEUTRAL
5611,NEUTRAL
5612,NEGATIVE
5613,NEUTRAL
5614,NEUTRAL
5615,NEGATIVE
5616,NEUTRAL
5617,NEUTRAL
5618,NEUTRAL
5619,NEUTRAL
5620,NEGATIVE
5621,NEGATIVE
5622,NEUTRAL
5623,NEGATIVE
5624,NEGATIVE
5625,NEUTRAL
5626,NEUTRAL
5627,NEGATIVE
5628,NEUTRAL
5629,NEUTRAL
5630,NEUTRAL
5631,NEGATIVE
5632,NEUTRAL
5633,NEGATIVE
5634,NEUTRAL
5635,NEUTRAL
5636,NEGATIVE
5637,NEUTRAL
5638,NEUTRAL
5639,NEUTRAL
5640,NEUTRAL
5641,NEUTRAL
5642,NEUTRAL
5643,NEUTRAL
5644,NEUTRAL
5645,NEUTRAL
5646,NEUTRAL
5647,NEUTRAL
5648,NEUTRAL
5649,NEUTRAL
5650,NEUTRAL
5651,NEUTRAL
5652,NEGATIVE
5653,NEUTRAL
5654,NEUTRAL
5655,NEGATIVE
5656,NEUTRAL
5657,NEUTRAL
5658,NEUTRAL
5659,NEUTRAL
5660,NEUTRAL
5661,NEUTRAL
5662,NEUTRAL
5663,MIXED
5664,MIXED
5665,NEUTRAL
5666,NEUTRAL
5667,NEGATIVE
5668,NEUTRAL
5669,NEUTRAL
5670,NEUTRAL
5671,NEGATIVE
5672,NEUTRAL
5673,NEUTRAL
5674,NEUTRAL
5675,POSITIVE
5676,NEGATIVE
5677,NEUTRAL
5678,NEUTRAL
5679,NEUTRAL
5680,NEUTRAL
5681,NEUTRAL
5682,NEUTRAL
5683,NEUTRAL
5684,NEUTRAL
5685,NEUTRAL
5686,NEUTRAL
5687,NEUTRAL
5688,NEUTRAL
5689,NEUTRAL
5690,NEGATIVE
5691,NEUTRAL
5692,NEUTRAL
5693,NEGATIVE
5694,NEUTRAL
5695,NEGATIVE
5696,NEGATIVE
5697,NEUTRAL
5698,NEUTRAL
5699,NEGATIVE
5700,NEUTRAL
5701,NEUTRAL
5702,NEUTRAL
5703,NEUTRAL
5704,NEUTRAL
5705,MIXED
5706,NEUTRAL
5707,NEUTRAL
5708,NEGATIVE
5709,NEGATIVE
5710,NEGATIVE
5711,NEUTRAL
5712,POSITIVE
5713,NEUTRAL
5714,NEGATIVE
5715,NEGATIVE
5716,NEUTRAL
5717,NEUTRAL
5718,NEUTRAL
5719,NEGATIVE
5720,NEUTRAL
5721,NEUTRAL
5722,NEUTRAL
5723,NEGATIVE
5724,NEUTRAL
5725,NEUTRAL
5726,NEUTRAL
5727,NEGATIVE
5728,NEGATIVE
5729,NEUTRAL
5730,NEUTRAL
5731,NEGATIVE
5732,NEUTRAL
5733,NEUTRAL
5734,NEUTRAL
5735,NEUTRAL
5736,NEGATIVE
5737,NEUTRAL
5738,NEGATIVE
5739,NEUTRAL
5740,NEUTRAL
5741,NEUTRAL
5742,NEUTRAL
5743,NEUTRAL
5744,NEGATIVE
5745,NEGATIVE
5746,NEUTRAL
5747,NEUTRAL
5748,NEGATIVE
5749,NEUTRAL
5750,NEUTRAL
5751,NEUTRAL
5752,NEUTRAL
5753,NEGATIVE
5754,NEUTRAL
5755,NEUTRAL
5756,NEUTRAL
5757,NEUTRAL
5758,NEGATIVE
5759,NEUTRAL
5760,POSITIVE
5761,NEUTRAL
5762,NEGATIVE
5763,NEUTRAL
5764,NEUTRAL
5765,NEUTRAL
5766,NEUTRAL
5767,NEUTRAL
5768,NEUTRAL
5769,NEUTRAL
5770,NEGATIVE
5771,NEUTRAL
5772,NEUTRAL
5773,NEUTRAL
5774,NEUTRAL
5775,NEUTRAL
5776,NEUTRAL
5777,NEUTRAL
5778,NEUTRAL
5779,NEUTRAL
5780,NEGATIVE
5781,NEUTRAL
5782,NEGATIVE
5783,NEUTRAL
5784,NEGATIVE
5785,NEUTRAL
5786,NEUTRAL
5787,NEUTRAL
5788,NEUTRAL
5789,NEUTRAL
5790,NEUTRAL
5791,NEUTRAL
5792,NEUTRAL
5793,NEUTRAL
5794,NEUTRAL
5795,NEGATIVE
5796,NEUTRAL
5797,NEGATIVE
5798,NEUTRAL
5799,NEUTRAL
5800,NEUTRAL
5801,NEUTRAL
5802,NEGATIVE
5803,NEUTRAL
5804,NEUTRAL
5805,NEUTRAL
5806,NEUTRAL
5807,NEUTRAL
5808,NEUTRAL
5809,NEUTRAL
5810,NEUTRAL
5811,NEUTRAL
5812,NEGATIVE
5813,NEUTRAL
5814,NEUTRAL
5815,NEUTRAL
5816,NEUTRAL
5817,NEUTRAL
5818,NEGATIVE
5819,NEUTRAL
5820,NEUTRAL
5821,NEUTRAL
5822,NEGATIVE
5823,NEUTRAL
5824,NEGATIVE
5825,NEUTRAL
5826,NEUTRAL
5827,NEGATIVE
5828,NEUTRAL
5829,NEUTRAL
5830,NEGATIVE
5831,NEUTRAL
5832,NEUTRAL
5833,NEUTRAL
5834,NEUTRAL
5835,NEUTRAL
5836,NEUTRAL
5837,NEUTRAL
5838,NEUTRAL
5839,POSITIVE
5840,NEUTRAL
5841,NEUTRAL
5842,NEUTRAL
5843,NEUTRAL
5844,NEUTRAL
5845,NEUTRAL
5846,POSITIVE
5847,NEUTRAL
5848,NEGATIVE
5849,NEUTRAL
5850,NEUTRAL
5851,NEUTRAL
5852,NEUTRAL
5853,NEUTRAL
5854,NEUTRAL
5855,NEUTRAL
5856,NEUTRAL
5857,NEUTRAL
5858,NEUTRAL
5859,NEGATIVE
5860,NEUTRAL
5861,NEUTRAL
5862,NEUTRAL
5863,NEUTRAL
5864,NEUTRAL
5865,NEUTRAL
5866,NEGATIVE
5867,NEUTRAL
5868,MIXED
5869,NEGATIVE
5870,NEUTRAL
5871,NEUTRAL
5872,NEUTRAL
5873,NEUTRAL
5874,NEUTRAL
5875,NEUTRAL
5876,NEGATIVE
5877,NEUTRAL
5878,NEUTRAL
5879,NEUTRAL
5880,NEGATIVE
5881,NEUTRAL
5882,NEUTRAL
5883,NEUTRAL
5884,NEUTRAL
5885,NEUTRAL
5886,NEUTRAL
5887,NEGATIVE
5888,NEUTRAL
5889,NEUTRAL
5890,NEUTRAL
5891,POSITIVE
5892,NEUTRAL
5893,NEGATIVE
5894,NEUTRAL
5895,NEGATIVE
5896,NEUTRAL
5897,NEUTRAL
5898,NEUTRAL
5899,NEUTRAL
5900,NEUTRAL
5901,NEUTRAL
5902,NEUTRAL
5903,NEUTRAL
5904,NEUTRAL
5905,MIXED
5906,NEUTRAL
5907,NEUTRAL
5908,NEUTRAL
5909,NEGATIVE
5910,NEGATIVE
5911,NEUTRAL
5912,NEUTRAL
5913,NEUTRAL
5914,NEUTRAL
5915,NEUTRAL
5916,NEUTRAL
5917,NEUTRAL
5918,NEUTRAL
5919,POSITIVE
5920,NEUTRAL
5921,NEUTRAL
5922,NEUTRAL
5923,NEGATIVE
5924,NEUTRAL
5925,NEUTRAL
5926,NEUTRAL
5927,NEUTRAL
5928,NEUTRAL
5929,NEGATIVE
5930,MIXED
5931,NEGATIVE
5932,POSITIVE
5933,NEUTRAL
5934,NEUTRAL
5935,NEUTRAL
5936,NEUTRAL
5937,NEUTRAL
5938,NEUTRAL
5939,NEUTRAL
5940,NEUTRAL
5941,NEUTRAL
5942,NEGATIVE
5943,NEUTRAL
5944,NEGATIVE
5945,NEUTRAL
5946,NEUTRAL
5947,NEUTRAL
5948,NEUTRAL
5949,NEGATIVE
5950,NEUTRAL
5951,NEGATIVE
5952,NEUTRAL
5953,NEUTRAL
5954,NEUTRAL
5955,POSITIVE
5956,NEGATIVE
5957,POSITIVE
5958,NEUTRAL
5959,NEUTRAL
5960,NEGATIVE
5961,NEUTRAL
5962,NEUTRAL
5963,NEUTRAL
5964,NEUTRAL
5965,NEUTRAL
5966,NEGATIVE
5967,MIXED
5968,NEUTRAL
5969,NEGATIVE
5970,NEUTRAL
5971,NEUTRAL
5972,NEUTRAL
5973,NEUTRAL
5974,NEUTRAL
5975,NEUTRAL
5976,NEGATIVE
5977,NEGATIVE
5978,NEUTRAL
5979,NEUTRAL
5980,NEUTRAL
5981,NEUTRAL
5982,NEUTRAL
5983,NEGATIVE
5984,NEUTRAL
5985,NEUTRAL
5986,NEUTRAL
5987,NEUTRAL
5988,NEUTRAL
5989,NEUTRAL
5990,NEUTRAL
5991,NEUTRAL
5992,NEUTRAL
5993,NEGATIVE
5994,NEUTRAL
5995,NEUTRAL
5996,NEUTRAL
5997,NEUTRAL
5998,NEGATIVE
5999,NEUTRAL
6000,NEUTRAL
6001,NEGATIVE
6002,MIXED
6003,NEUTRAL
6004,NEUTRAL
6005,NEUTRAL
6006,NEUTRAL
6007,NEGATIVE
6008,NEUTRAL
6009,NEGATIVE
6010,NEUTRAL
6011,NEGATIVE
6012,NEUTRAL
6013,NEUTRAL
6014,NEUTRAL
6015,NEGATIVE
6016,NEGATIVE
6017,NEUTRAL
6018,NEUTRAL
6019,NEUTRAL
6020,POSITIVE
6021,NEGATIVE
6022,NEUTRAL
6023,NEUTRAL
6024,NEUTRAL
6025,NEUTRAL
6026,NEUTRAL
6027,NEUTRAL
6028,NEUTRAL
6029,NEUTRAL
6030,NEGATIVE
6031,NEGATIVE
6032,NEUTRAL
6033,NEGATIVE
6034,NEGATIVE
6035,NEUTRAL
6036,NEUTRAL
6037,NEUTRAL
6038,NEUTRAL
6039,NEUTRAL
6040,NEUTRAL
6041,NEUTRAL
6042,NEUTRAL
6043,NEUTRAL
6044,NEUTRAL
6045,NEUTRAL
6046,NEUTRAL
6047,NEUTRAL
6048,NEGATIVE
6049,NEGATIVE
6050,NEUTRAL
6051,NEUTRAL
6052,NEUTRAL
6053,NEUTRAL
6054,NEUTRAL
6055,NEUTRAL
6056,NEGATIVE
6057,NEUTRAL
6058,NEUTRAL
6059,NEUTRAL
6060,NEUTRAL
6061,NEUTRAL
6062,NEGATIVE
6063,NEUTRAL
6064,NEGATIVE
6065,NEUTRAL
6066,NEUTRAL
6067,NEUTRAL
6068,NEUTRAL
6069,NEUTRAL
6070,NEUTRAL
6071,NEUTRAL
6072,NEGATIVE
6073,NEUTRAL
6074,NEUTRAL
6075,NEUTRAL
6076,NEGATIVE
6077,NEUTRAL
6078,NEUTRAL
6079,NEUTRAL
6080,NEGATIVE
6081,NEUTRAL
6082,NEUTRAL
6083,NEUTRAL
6084,NEUTRAL
6085,NEUTRAL
6086,NEUTRAL
6087,NEGATIVE
6088,NEGATIVE
6089,NEUTRAL
6090,NEUTRAL
6091,NEUTRAL
6092,NEGATIVE
6093,NEUTRAL
6094,NEGATIVE
6095,NEGATIVE
6096,NEUTRAL
6097,POSITIVE
6098,NEUTRAL
6099,NEUTRAL
6100,NEUTRAL
6101,NEUTRAL
6102,NEUTRAL
6103,NEUTRAL
6104,MIXED
6105,NEUTRAL
6106,NEUTRAL
6107,NEUTRAL
6108,NEUTRAL
6109,NEUTRAL
6110,MIXED
6111,NEUTRAL
6112,NEUTRAL
6113,NEUTRAL
6114,NEGATIVE
6115,NEGATIVE
6116,NEGATIVE
6117,NEGATIVE
6118,NEGATIVE
6119,NEUTRAL
6120,NEUTRAL
6121,NEUTRAL
6122,NEUTRAL
6123,NEUTRAL
6124,NEUTRAL
6125,NEUTRAL
6126,NEUTRAL
6127,NEUTRAL
6128,NEUTRAL
6129,POSITIVE
6130,NEUTRAL
6131,NEUTRAL
6132,NEGATIVE
6133,NEUTRAL
6134,NEGATIVE
6135,NEUTRAL
6136,NEUTRAL
6137,NEUTRAL
6138,NEUTRAL
6139,NEUTRAL
6140,NEUTRAL
6141,NEUTRAL
6142,NEUTRAL
6143,NEUTRAL
6144,POSITIVE
6145,NEUTRAL
6146,POSITIVE
6147,NEUTRAL
6148,NEUTRAL
6149,NEGATIVE
6150,NEUTRAL
6151,NEUTRAL
6152,NEUTRAL
6153,POSITIVE
6154,NEUTRAL
6155,NEUTRAL
6156,NEUTRAL
6157,NEUTRAL
6158,NEUTRAL
6159,NEGATIVE
6160,NEUTRAL
6161,NEUTRAL
6162,NEUTRAL
6163,NEUTRAL
6164,NEGATIVE
6165,POSITIVE
6166,NEGATIVE
6167,NEUTRAL
6168,NEUTRAL
6169,NEUTRAL
6170,NEUTRAL
6171,NEUTRAL
6172,NEUTRAL
6173,NEUTRAL
6174,NEGATIVE
6175,NEUTRAL
6176,NEUTRAL
6177,NEUTRAL
6178,NEUTRAL
6179,NEUTRAL
6180,NEUTRAL
6181,NEGATIVE
6182,NEGATIVE
6183,NEUTRAL
6184,NEUTRAL
6185,NEUTRAL
6186,NEUTRAL
6187,NEGATIVE
6188,NEUTRAL
6189,NEUTRAL
6190,NEUTRAL
6191,NEUTRAL
6192,NEUTRAL
6193,NEUTRAL
6194,NEUTRAL
6195,NEUTRAL
6196,NEGATIVE
6197,NEGATIVE
6198,NEUTRAL
6199,NEGATIVE
6200,NEUTRAL
6201,NEUTRAL
6202,NEUTRAL
6203,NEUTRAL
6204,NEUTRAL
6205,NEUTRAL
6206,NEUTRAL
6207,NEUTRAL
6208,NEUTRAL
6209,NEUTRAL
6210,NEUTRAL
6211,NEUTRAL
6212,NEUTRAL
6213,NEUTRAL
6214,NEUTRAL
6215,NEUTRAL
6216,NEUTRAL
6217,NEUTRAL
6218,NEUTRAL
6219,NEUTRAL
6220,NEUTRAL
6221,NEUTRAL
6222,NEGATIVE
6223,NEUTRAL
6224,NEUTRAL
6225,NEUTRAL
6226,NEUTRAL
6227,NEUTRAL
6228,NEUTRAL
6229,NEGATIVE
6230,NEUTRAL
6231,NEUTRAL
6232,MIXED
6233,NEUTRAL
6234,NEUTRAL
6235,NEUTRAL
6236,NEUTRAL
6237,NEUTRAL
6238,NEUTRAL
6239,NEUTRAL
6240,NEUTRAL
6241,NEUTRAL
6242,NEUTRAL
6243,NEUTRAL
6244,NEUTRAL
6245,NEGATIVE
6246,NEUTRAL
6247,NEUTRAL
6248,NEUTRAL
6249,NEUTRAL
6250,NEUTRAL
6251,NEGATIVE
6252,NEUTRAL
6253,NEUTRAL
6254,NEGATIVE
6255,NEUTRAL
6256,NEUTRAL
6257,NEUTRAL
6258,NEUTRAL
6259,NEUTRAL
6260,NEGATIVE
6261,NEUTRAL
6262,POSITIVE
6263,NEUTRAL
6264,NEUTRAL
6265,NEUTRAL
6266,MIXED
6267,NEUTRAL
6268,NEGATIVE
6269,NEGATIVE
6270,NEUTRAL
6271,NEUTRAL
6272,NEGATIVE
6273,NEUTRAL
6274,NEUTRAL
6275,NEUTRAL
6276,NEGATIVE
6277,NEUTRAL
6278,NEUTRAL
6279,NEUTRAL
6280,NEUTRAL
6281,NEUTRAL
6282,NEUTRAL
6283,NEUTRAL
6284,NEUTRAL
6285,NEUTRAL
6286,NEUTRAL
6287,NEUTRAL
6288,NEUTRAL
6289,NEUTRAL
6290,NEUTRAL
6291,NEUTRAL
6292,NEUTRAL
6293,NEUTRAL
6294,NEUTRAL
6295,NEUTRAL
6296,NEGATIVE
6297,NEGATIVE
6298,NEGATIVE
6299,NEUTRAL
6300,NEUTRAL
6301,POSITIVE
6302,NEUTRAL
6303,NEUTRAL
6304,NEUTRAL
6305,NEUTRAL
6306,NEGATIVE
6307,NEUTRAL
6308,NEUTRAL
6309,NEUTRAL
6310,NEUTRAL
6311,NEUTRAL
6312,NEGATIVE
6313,NEGATIVE
6314,NEUTRAL
6315,NEGATIVE
6316,NEUTRAL
6317,NEGATIVE
6318,NEUTRAL
6319,NEUTRAL
6320,NEUTRAL
6321,NEUTRAL
6322,NEUTRAL
6323,NEUTRAL
6324,NEUTRAL
6325,NEUTRAL
6326,NEUTRAL
6327,NEUTRAL
6328,NEGATIVE
6329,NEUTRAL
6330,NEUTRAL
6331,NEUTRAL
6332,NEUTRAL
6333,NEUTRAL
6334,NEGATIVE
6335,NEUTRAL
6336,NEUTRAL
